node1	node2	node1_string_id	node2_string_id	neighborhood_on_chromosome	gene_fusion	phylogenetic_cooccurrence	homology	coexpression	experimentally_determined_interaction	database_annotated	automated_textmining	combined_score
A2m	Klkb1	10090.ENSMUSP00000032203	10090.ENSMUSP00000112174	0	0	0	0	0.089	0.136	0.652	0.736	0.918
A2m	Apoa1	10090.ENSMUSP00000032203	10090.ENSMUSP00000034588	0	0	0	0	0.063	0	0.900	0.660	0.965
A2m	Lrp1	10090.ENSMUSP00000032203	10090.ENSMUSP00000044004	0	0	0	0	0.069	0.402	0	0.957	0.974
A2m	Hspa5	10090.ENSMUSP00000032203	10090.ENSMUSP00000097747	0.041	0	0	0	0	0.401	0	0.983	0.990
Actb	Alb	10090.ENSMUSP00000098066	10090.ENSMUSP00000031314	0	0	0	0	0	0.159	0	0.900	0.913
Actb	Actg1	10090.ENSMUSP00000098066	10090.ENSMUSP00000071486	0	0	0	0.987	0.437	0.713	0.900	0.585	0.982
Actb	Gapdh	10090.ENSMUSP00000098066	10090.ENSMUSP00000113942	0	0	0	0	0.148	0.632	0	0.927	0.975
Actg1	Gsn	10090.ENSMUSP00000071486	10090.ENSMUSP00000028239	0	0	0	0	0.062	0.236	0.384	0.813	0.906
Adipoq	Cfd	10090.ENSMUSP00000023593	10090.ENSMUSP00000056836	0	0	0	0	0.803	0	0	0.740	0.946
Agt	Cpb2	10090.ENSMUSP00000066488	10090.ENSMUSP00000022576	0	0	0	0	0.278	0	0.900	0.072	0.927
Agt	F2	10090.ENSMUSP00000066488	10090.ENSMUSP00000028681	0	0	0	0	0.241	0.239	0.806	0.552	0.943
Ahsg	Apoh	10090.ENSMUSP00000023583	10090.ENSMUSP00000000049	0	0	0	0	0.881	0	0	0.504	0.938
Ahsg	Apoa2	10090.ENSMUSP00000023583	10090.ENSMUSP00000005824	0	0	0	0	0.877	0	0	0.498	0.935
Ahsg	Fga	10090.ENSMUSP00000023583	10090.ENSMUSP00000133117	0	0	0	0	0.832	0	0	0.447	0.903
Ahsg	Fgg	10090.ENSMUSP00000023583	10090.ENSMUSP00000037018	0	0	0	0	0.858	0	0	0.434	0.916
Ahsg	Apoa1	10090.ENSMUSP00000023583	10090.ENSMUSP00000034588	0	0	0	0	0.876	0	0	0.615	0.950
Ahsg	F2	10090.ENSMUSP00000023583	10090.ENSMUSP00000028681	0	0	0	0	0.915	0.065	0.142	0.415	0.955
Ahsg	Ambp	10090.ENSMUSP00000023583	10090.ENSMUSP00000030041	0	0	0	0	0.917	0	0	0.509	0.957
Ahsg	Alb	10090.ENSMUSP00000023583	10090.ENSMUSP00000031314	0	0	0	0	0.918	0.369	0	0.728	0.984
Alb	Apoa2	10090.ENSMUSP00000031314	10090.ENSMUSP00000005824	0	0	0	0	0.671	0.693	0	0.545	0.950
Alb	F2	10090.ENSMUSP00000031314	10090.ENSMUSP00000028681	0	0	0	0	0.501	0	0	0.868	0.931
Alb	Ambp	10090.ENSMUSP00000031314	10090.ENSMUSP00000030041	0	0	0	0	0.731	0.655	0	0.620	0.961
Alb	Crp	10090.ENSMUSP00000031314	10090.ENSMUSP00000044665	0	0	0	0	0.232	0	0	0.879	0.903
Alb	Serpinc1	10090.ENSMUSP00000031314	10090.ENSMUSP00000068971	0	0	0	0	0.674	0	0	0.725	0.906
Alb	Hp	10090.ENSMUSP00000031314	10090.ENSMUSP00000074436	0	0	0	0	0.460	0.363	0	0.749	0.906
Alb	B2m	10090.ENSMUSP00000031314	10090.ENSMUSP00000099534	0	0	0	0	0	0.645	0	0.780	0.919
Alb	Serpina6	10090.ENSMUSP00000031314	10090.ENSMUSP00000044033	0	0	0	0	0.355	0	0	0.891	0.926
Alb	Fn1	10090.ENSMUSP00000031314	10090.ENSMUSP00000054499	0	0	0	0	0.062	0	0	0.933	0.935
Alb	Apoe	10090.ENSMUSP00000031314	10090.ENSMUSP00000133302	0	0	0	0	0.116	0.355	0	0.932	0.958
Alb	Ttr	10090.ENSMUSP00000031314	10090.ENSMUSP00000074783	0	0	0	0	0.468	0.638	0	0.856	0.969
Alb	Apoa1	10090.ENSMUSP00000031314	10090.ENSMUSP00000034588	0	0	0	0	0.693	0.645	0.300	0.798	0.982
Alb	Hpx	10090.ENSMUSP00000031314	10090.ENSMUSP00000033185	0	0	0	0	0.627	0.691	0.650	0.918	0.996
Aldoa	Pkm	10090.ENSMUSP00000084846	10090.ENSMUSP00000034834	0.102	0.001	0	0	0.501	0.092	0.600	0.739	0.949
Aldoa	Gapdh	10090.ENSMUSP00000084846	10090.ENSMUSP00000113942	0.061	0	0	0	0.677	0.257	0.900	0.609	0.989
Aldob	Pklr	10090.ENSMUSP00000029987	10090.ENSMUSP00000035417	0.102	0.001	0	0	0.325	0.067	0.600	0.686	0.916
Aldob	Gapdh	10090.ENSMUSP00000029987	10090.ENSMUSP00000113942	0.061	0	0	0	0.163	0.257	0.900	0.426	0.960
Ambp	Apoh	10090.ENSMUSP00000030041	10090.ENSMUSP00000000049	0	0	0	0	0.858	0	0	0.435	0.916
Ambp	Plg	10090.ENSMUSP00000030041	10090.ENSMUSP00000014578	0	0	0	0	0.935	0.144	0.130	0.132	0.952
Ambp	F2	10090.ENSMUSP00000030041	10090.ENSMUSP00000028681	0	0	0	0	0.870	0.144	0.130	0.269	0.920
Ambp	Itih2	10090.ENSMUSP00000030041	10090.ENSMUSP00000046530	0	0	0	0	0.770	0.054	0	0.700	0.929
Ambp	Fgb	10090.ENSMUSP00000030041	10090.ENSMUSP00000039472	0	0	0	0	0.920	0.056	0	0.156	0.931
Ambp	Fga	10090.ENSMUSP00000030041	10090.ENSMUSP00000133117	0	0	0	0	0.924	0.056	0	0.160	0.934
Ambp	Serpinc1	10090.ENSMUSP00000030041	10090.ENSMUSP00000068971	0	0	0	0	0.897	0.375	0	0.287	0.950
Ambp	Fgg	10090.ENSMUSP00000030041	10090.ENSMUSP00000037018	0	0	0	0	0.931	0.056	0	0.312	0.951
Ambp	Apoa1	10090.ENSMUSP00000030041	10090.ENSMUSP00000034588	0	0	0	0	0.815	0.663	0	0.294	0.952
Apoa1	Apoh	10090.ENSMUSP00000034588	10090.ENSMUSP00000000049	0	0	0	0	0.726	0.691	0.720	0.631	0.990
Apoa1	Pon1	10090.ENSMUSP00000034588	10090.ENSMUSP00000002663	0	0	0	0	0.289	0.082	0.720	0.980	0.996
Apoa1	Apoc4	10090.ENSMUSP00000034588	10090.ENSMUSP00000003071	0	0	0	0	0.473	0	0.720	0.615	0.938
Apoa1	Apoa2	10090.ENSMUSP00000034588	10090.ENSMUSP00000005824	0	0	0	0	0.862	0.705	0.922	0.972	0.999
Apoa1	Clu	10090.ENSMUSP00000034588	10090.ENSMUSP00000022616	0	0	0	0	0.062	0.357	0.720	0.959	0.992
Apoa1	Apom	10090.ENSMUSP00000034588	10090.ENSMUSP00000025249	0	0	0	0	0.451	0	0.720	0.814	0.969
Apoa1	Rbp4	10090.ENSMUSP00000034588	10090.ENSMUSP00000025951	0	0	0	0	0.386	0.695	0	0.534	0.905
Apoa1	Apoa4	10090.ENSMUSP00000034588	10090.ENSMUSP00000034585	0	0	0	0.691	0.498	0	0.800	0.860	0.922
Apoa1	Apoc3	10090.ENSMUSP00000034588	10090.ENSMUSP00000034586	0	0	0	0	0.933	0	0.800	0.903	0.998
Apoa1	Lrp1	10090.ENSMUSP00000034588	10090.ENSMUSP00000044004	0	0	0	0	0	0	0.900	0.309	0.927
Apoa1	Hp	10090.ENSMUSP00000034588	10090.ENSMUSP00000074436	0	0	0	0	0.190	0.161	0.600	0.807	0.941
Apoa1	Fga	10090.ENSMUSP00000034588	10090.ENSMUSP00000133117	0	0	0	0	0.734	0.667	0	0.472	0.949
Apoa1	Apoc1	10090.ENSMUSP00000034588	10090.ENSMUSP00000104091	0	0	0	0	0.416	0.077	0.540	0.841	0.955
Apoa1	Apoe	10090.ENSMUSP00000034588	10090.ENSMUSP00000133302	0	0	0	0.605	0.216	0.681	0.800	0.940	0.965
Apoa1	Ttr	10090.ENSMUSP00000034588	10090.ENSMUSP00000074783	0	0	0	0	0.434	0.690	0	0.888	0.978
Apoa1	Apoc2	10090.ENSMUSP00000034588	10090.ENSMUSP00000115173	0	0	0	0	0.873	0	0.800	0.675	0.991
Apoa1	Apob	10090.ENSMUSP00000034588	10090.ENSMUSP00000036044	0	0	0	0	0.627	0.573	0.720	0.925	0.996
Apoa1	Pltp	10090.ENSMUSP00000034588	10090.ENSMUSP00000061519	0	0	0	0	0.062	0.209	0.900	0.979	0.998
Apoa1	Lcat	10090.ENSMUSP00000034588	10090.ENSMUSP00000038232	0	0	0	0	0.221	0.777	0.800	0.987	0.999
Apoa2	Apoh	10090.ENSMUSP00000005824	10090.ENSMUSP00000000049	0	0	0	0	0.684	0.694	0.720	0.552	0.986
Apoa2	Pon1	10090.ENSMUSP00000005824	10090.ENSMUSP00000002663	0	0	0	0	0.290	0	0.720	0.717	0.938
Apoa2	Apoc4	10090.ENSMUSP00000005824	10090.ENSMUSP00000003071	0	0	0	0	0.402	0	0.720	0.552	0.918
Apoa2	Clu	10090.ENSMUSP00000005824	10090.ENSMUSP00000022616	0	0	0	0	0	0	0.720	0.660	0.900
Apoa2	Lrp1	10090.ENSMUSP00000005824	10090.ENSMUSP00000044004	0	0	0	0	0	0	0.900	0.055	0.901
Apoa2	Hp	10090.ENSMUSP00000005824	10090.ENSMUSP00000074436	0	0	0	0	0.230	0.690	0	0.628	0.903
Apoa2	Ttr	10090.ENSMUSP00000005824	10090.ENSMUSP00000074783	0	0	0	0	0.421	0.651	0	0.629	0.918
Apoa2	Apoc1	10090.ENSMUSP00000005824	10090.ENSMUSP00000104091	0	0	0	0	0.416	0.087	0.540	0.767	0.935
Apoa2	Lcat	10090.ENSMUSP00000005824	10090.ENSMUSP00000038232	0	0	0	0	0.172	0.130	0.720	0.722	0.936
Apoa2	Apom	10090.ENSMUSP00000005824	10090.ENSMUSP00000025249	0	0	0	0	0.381	0	0.720	0.669	0.937
Apoa2	Fga	10090.ENSMUSP00000005824	10090.ENSMUSP00000133117	0	0	0	0	0.729	0.654	0	0.400	0.939
Apoa2	Apoc2	10090.ENSMUSP00000005824	10090.ENSMUSP00000115173	0	0	0	0	0.256	0.149	0.800	0.612	0.944
Apoa2	Pltp	10090.ENSMUSP00000005824	10090.ENSMUSP00000061519	0	0	0	0	0.062	0.130	0.720	0.836	0.957
Apoa2	Apoa4	10090.ENSMUSP00000005824	10090.ENSMUSP00000034585	0	0	0	0	0.252	0.058	0.890	0.629	0.967
Apoa2	Apob	10090.ENSMUSP00000005824	10090.ENSMUSP00000036044	0	0	0	0	0.586	0.161	0.720	0.848	0.983
Apoa2	Apoc3	10090.ENSMUSP00000005824	10090.ENSMUSP00000034586	0	0	0	0	0.745	0	0.800	0.849	0.991
Apoa2	Apoe	10090.ENSMUSP00000005824	10090.ENSMUSP00000133302	0	0	0	0	0.096	0.665	0.800	0.917	0.994
Apoa4	Lrp1	10090.ENSMUSP00000034585	10090.ENSMUSP00000044004	0	0	0	0	0	0	0.900	0.106	0.906
Apoa4	Apoc2	10090.ENSMUSP00000034585	10090.ENSMUSP00000115173	0	0	0	0	0.360	0	0.800	0.732	0.962
Apoa4	Apoc3	10090.ENSMUSP00000034585	10090.ENSMUSP00000034586	0	0	0	0	0.485	0	0.800	0.837	0.981
Apoa4	Apob	10090.ENSMUSP00000034585	10090.ENSMUSP00000036044	0	0	0	0	0.597	0.702	0.720	0.759	0.990
Apob	Apoh	10090.ENSMUSP00000036044	10090.ENSMUSP00000000049	0	0	0	0	0.668	0	0.720	0.677	0.967
Apob	Pon1	10090.ENSMUSP00000036044	10090.ENSMUSP00000002663	0	0	0	0	0.231	0	0.720	0.676	0.924
Apob	Plg	10090.ENSMUSP00000036044	10090.ENSMUSP00000014578	0	0	0	0	0.483	0.042	0.826	0.708	0.971
Apob	Apom	10090.ENSMUSP00000036044	10090.ENSMUSP00000025249	0	0	0	0	0.239	0	0.720	0.633	0.915
Apob	Apoc3	10090.ENSMUSP00000036044	10090.ENSMUSP00000034586	0	0	0	0	0.509	0	0.600	0.945	0.988
Apob	Apoc1	10090.ENSMUSP00000036044	10090.ENSMUSP00000104091	0	0	0	0	0.176	0	0.600	0.723	0.901
Apob	Pltp	10090.ENSMUSP00000036044	10090.ENSMUSP00000061519	0	0	0	0	0.062	0	0.720	0.780	0.937
Apob	Lcat	10090.ENSMUSP00000036044	10090.ENSMUSP00000038232	0	0	0	0	0.169	0	0.720	0.753	0.937
Apob	Apoc2	10090.ENSMUSP00000036044	10090.ENSMUSP00000115173	0	0	0	0	0.240	0.149	0.720	0.702	0.939
Apob	Lrp1	10090.ENSMUSP00000036044	10090.ENSMUSP00000044004	0	0	0	0	0.062	0.244	0.900	0.411	0.952
Apob	Apoe	10090.ENSMUSP00000036044	10090.ENSMUSP00000133302	0	0	0	0	0.130	0.161	0.720	0.983	0.996
Apoc1	Apoc4	10090.ENSMUSP00000104091	10090.ENSMUSP00000003071	0	0	0	0	0.370	0	0.800	0.776	0.969
Apoc1	Apoc3	10090.ENSMUSP00000104091	10090.ENSMUSP00000034586	0	0	0	0	0.425	0	0.800	0.814	0.976
Apoc1	Lcat	10090.ENSMUSP00000104091	10090.ENSMUSP00000038232	0	0	0	0	0.151	0	0.800	0.563	0.919
Apoc1	Apoc2	10090.ENSMUSP00000104091	10090.ENSMUSP00000115173	0	0	0	0	0.429	0	0.800	0.742	0.967
Apoc1	Apoe	10090.ENSMUSP00000104091	10090.ENSMUSP00000133302	0	0	0	0	0.732	0	0.540	0.873	0.983
Apoc2	Apoc4	10090.ENSMUSP00000115173	10090.ENSMUSP00000003071	0	0	0	0	0.325	0	0.720	0.743	0.947
Apoc2	Apom	10090.ENSMUSP00000115173	10090.ENSMUSP00000025249	0	0	0	0	0.729	0	0.720	0.423	0.952
Apoc2	Apoc3	10090.ENSMUSP00000115173	10090.ENSMUSP00000034586	0	0	0	0	0.419	0	0.800	0.800	0.974
Apoc2	Lrp1	10090.ENSMUSP00000115173	10090.ENSMUSP00000044004	0	0	0	0	0	0	0.900	0.105	0.906
Apoc2	Apoe	10090.ENSMUSP00000115173	10090.ENSMUSP00000133302	0	0	0	0	0.223	0.149	0.800	0.704	0.955
Apoc3	Apoh	10090.ENSMUSP00000034586	10090.ENSMUSP00000000049	0	0	0	0	0.717	0	0.540	0.559	0.937
Apoc3	Apoc4	10090.ENSMUSP00000034586	10090.ENSMUSP00000003071	0	0	0	0	0.548	0	0.540	0.692	0.930
Apoc3	Lrp1	10090.ENSMUSP00000034586	10090.ENSMUSP00000044004	0	0	0	0	0	0	0.900	0.165	0.912
Apoc3	Apoe	10090.ENSMUSP00000034586	10090.ENSMUSP00000133302	0	0	0	0	0.117	0	0.800	0.799	0.961
Apoc4	Apoh	10090.ENSMUSP00000003071	10090.ENSMUSP00000000049	0	0	0	0	0.419	0	0.720	0.452	0.903
Apoc4	Pon1	10090.ENSMUSP00000003071	10090.ENSMUSP00000002663	0	0	0	0	0.347	0	0.720	0.526	0.905
Apoe	Apoh	10090.ENSMUSP00000133302	10090.ENSMUSP00000000049	0	0	0	0	0.078	0.663	0.720	0.612	0.961
Apoe	Pon1	10090.ENSMUSP00000133302	10090.ENSMUSP00000002663	0	0	0	0	0.099	0	0.720	0.706	0.919
Apoe	Clu	10090.ENSMUSP00000133302	10090.ENSMUSP00000022616	0	0	0	0	0.143	0	0.720	0.921	0.979
Apoe	Lcat	10090.ENSMUSP00000133302	10090.ENSMUSP00000038232	0	0	0	0	0.116	0.130	0.720	0.692	0.924
Apoe	Lrp1	10090.ENSMUSP00000133302	10090.ENSMUSP00000044004	0	0	0	0	0.090	0.614	0.900	0.988	0.999
Apoe	Pltp	10090.ENSMUSP00000133302	10090.ENSMUSP00000061519	0	0	0	0	0.143	0.130	0.720	0.842	0.962
Apoe	Reln	10090.ENSMUSP00000133302	10090.ENSMUSP00000124052	0	0	0	0	0.062	0	0	0.982	0.983
Apoh	Serpinc1	10090.ENSMUSP00000000049	10090.ENSMUSP00000068971	0	0	0	0	0.754	0	0	0.701	0.923
Apoh	Fgg	10090.ENSMUSP00000000049	10090.ENSMUSP00000037018	0	0	0	0	0.861	0.146	0	0.442	0.928
Apoh	Vwf	10090.ENSMUSP00000000049	10090.ENSMUSP00000107873	0	0	0	0	0	0	0	0.930	0.930
Apoh	Plg	10090.ENSMUSP00000000049	10090.ENSMUSP00000014578	0	0	0	0	0.554	0.403	0.114	0.768	0.938
Apoh	F2	10090.ENSMUSP00000000049	10090.ENSMUSP00000028681	0	0	0	0	0.779	0.047	0.114	0.795	0.956
Apom	Pon1	10090.ENSMUSP00000025249	10090.ENSMUSP00000002663	0	0	0	0	0.212	0	0.720	0.665	0.919
Apom	Plg	10090.ENSMUSP00000025249	10090.ENSMUSP00000014578	0	0	0	0	0.872	0	0	0.247	0.900
B2m	Tfrc	10090.ENSMUSP00000099534	10090.ENSMUSP00000023486	0	0	0	0	0.061	0.918	0.720	0.874	0.996
B2m	H2-K1	10090.ENSMUSP00000099534	10090.ENSMUSP00000025181	0	0	0	0	0.550	0.987	0.847	0.989	0.999
B2m	H2-Q7	10090.ENSMUSP00000099534	10090.ENSMUSP00000071843	0	0	0	0	0.254	0.961	0.847	0.722	0.998
B2m	Ighg2c	10090.ENSMUSP00000099534	10090.ENSMUSP00000100212	0	0	0	0	0.052	0.917	0	0	0.917
B2m	H2-Q6	10090.ENSMUSP00000099534	10090.ENSMUSP00000134550	0	0	0	0	0.174	0.281	0.781	0.632	0.946
B2m	H2-Q10	10090.ENSMUSP00000099534	10090.ENSMUSP00000134163	0	0	0	0	0.101	0.850	0.847	0.295	0.983
B2m	H2-T23	10090.ENSMUSP00000099534	10090.ENSMUSP00000099739	0	0	0	0	0.154	0.850	0.781	0.841	0.995
B2m	H2-D1	10090.ENSMUSP00000099534	10090.ENSMUSP00000134570	0	0	0	0	0.590	0.999	0.847	0.793	0.999
C1qa	Cfp	10090.ENSMUSP00000048836	10090.ENSMUSP00000001156	0	0	0	0	0.571	0	0	0.849	0.932
C1qa	Serping1	10090.ENSMUSP00000048836	10090.ENSMUSP00000023994	0	0	0	0	0.265	0	0.800	0.841	0.974
C1qa	C2	10090.ENSMUSP00000048836	10090.ENSMUSP00000025230	0	0	0	0	0.122	0.095	0.916	0.524	0.964
C1qa	Fcna	10090.ENSMUSP00000048836	10090.ENSMUSP00000028307	0	0	0	0	0.306	0	0.500	0.820	0.932
C1qa	C1qc	10090.ENSMUSP00000048836	10090.ENSMUSP00000036747	0	0	0.387	0.807	0.960	0.698	0.800	0.869	0.997
C1qa	C1qb	10090.ENSMUSP00000048836	10090.ENSMUSP00000040246	0	0	0.358	0.835	0.976	0.799	0.893	0.941	0.999
C1qa	Lrp1	10090.ENSMUSP00000048836	10090.ENSMUSP00000044004	0	0	0	0	0.090	0.081	0	0.957	0.960
C1qa	Crp	10090.ENSMUSP00000048836	10090.ENSMUSP00000044665	0	0	0	0	0	0.206	0.600	0.989	0.996
C1qa	Cfh	10090.ENSMUSP00000048836	10090.ENSMUSP00000107607	0	0	0	0	0.366	0	0	0.857	0.906
C1qa	Fn1	10090.ENSMUSP00000048836	10090.ENSMUSP00000054499	0	0	0	0	0	0.088	0	0.921	0.925
C1qa	C4b	10090.ENSMUSP00000048836	10090.ENSMUSP00000069418	0	0	0	0	0.224	0	0.900	0.810	0.984
C1qa	C1rb	10090.ENSMUSP00000048836	10090.ENSMUSP00000139376	0	0	0	0	0.062	0.317	0.891	0.887	0.991
C1qa	C1s1	10090.ENSMUSP00000048836	10090.ENSMUSP00000125531	0	0	0	0	0.195	0.269	0.891	0.976	0.998
C1qa	C1ra	10090.ENSMUSP00000048836	10090.ENSMUSP00000063707	0	0	0	0	0.123	0.317	0.891	0.989	0.999
C1qa	C1s2	10090.ENSMUSP00000048836	10090.ENSMUSP00000066999	0	0	0	0	0.144	0.269	0.891	0.987	0.999
C1qb	Serping1	10090.ENSMUSP00000040246	10090.ENSMUSP00000023994	0	0	0	0	0.260	0	0.800	0.567	0.930
C1qb	C2	10090.ENSMUSP00000040246	10090.ENSMUSP00000025230	0	0	0	0	0.100	0.047	0.919	0.256	0.942
C1qb	C1qc	10090.ENSMUSP00000040246	10090.ENSMUSP00000036747	0	0	0.434	0.916	0.979	0.891	0.922	0.912	0.999
C1qb	C4b	10090.ENSMUSP00000040246	10090.ENSMUSP00000069418	0	0	0	0	0.172	0	0.900	0.594	0.963
C1qb	C1rb	10090.ENSMUSP00000040246	10090.ENSMUSP00000139376	0	0	0	0	0.063	0.082	0.905	0.684	0.970
C1qb	C1ra	10090.ENSMUSP00000040246	10090.ENSMUSP00000063707	0	0	0	0	0.115	0.082	0.905	0.684	0.972
C1qb	C1s2	10090.ENSMUSP00000040246	10090.ENSMUSP00000066999	0	0	0	0	0.171	0.047	0.905	0.692	0.974
C1qb	C1s1	10090.ENSMUSP00000040246	10090.ENSMUSP00000125531	0	0	0	0	0.196	0.047	0.905	0.694	0.974
C1qc	Cfp	10090.ENSMUSP00000036747	10090.ENSMUSP00000001156	0	0	0	0	0.577	0.694	0	0.465	0.924
C1qc	Serping1	10090.ENSMUSP00000036747	10090.ENSMUSP00000023994	0	0	0	0	0.249	0	0.800	0.479	0.915
C1qc	C2	10090.ENSMUSP00000036747	10090.ENSMUSP00000025230	0	0	0	0	0.100	0.095	0.916	0.264	0.943
C1qc	C4b	10090.ENSMUSP00000036747	10090.ENSMUSP00000069418	0	0	0	0	0.210	0	0.900	0.477	0.955
C1qc	C1s2	10090.ENSMUSP00000036747	10090.ENSMUSP00000066999	0	0	0	0	0.139	0.341	0.905	0.599	0.975
C1qc	C1s1	10090.ENSMUSP00000036747	10090.ENSMUSP00000125531	0	0	0	0	0.182	0.341	0.905	0.599	0.976
C1qc	C1rb	10090.ENSMUSP00000036747	10090.ENSMUSP00000139376	0	0	0	0	0.062	0.402	0.905	0.618	0.977
C1qc	C1ra	10090.ENSMUSP00000036747	10090.ENSMUSP00000063707	0	0	0	0	0.119	0.402	0.905	0.687	0.982
C1ra	Serping1	10090.ENSMUSP00000063707	10090.ENSMUSP00000023994	0	0	0	0	0.604	0.110	0.818	0.981	0.998
C1ra	C2	10090.ENSMUSP00000063707	10090.ENSMUSP00000025230	0	0	0	0.544	0.188	0	0.900	0.480	0.933
C1ra	Crp	10090.ENSMUSP00000063707	10090.ENSMUSP00000044665	0	0	0	0	0.066	0.047	0.900	0.468	0.946
C1ra	C4b	10090.ENSMUSP00000063707	10090.ENSMUSP00000069418	0	0	0	0	0.223	0.136	0.913	0.783	0.985
C1ra	C1s2	10090.ENSMUSP00000063707	10090.ENSMUSP00000066999	0	0	0	0.870	0.510	0.737	0.895	0.949	0.987
C1ra	C1s1	10090.ENSMUSP00000063707	10090.ENSMUSP00000125531	0	0	0	0.870	0.829	0.737	0.895	0.992	0.995
C1rb	Serping1	10090.ENSMUSP00000139376	10090.ENSMUSP00000023994	0	0	0	0	0.536	0.110	0.818	0.918	0.993
C1rb	C1s2	10090.ENSMUSP00000139376	10090.ENSMUSP00000066999	0	0	0	0.867	0.549	0.737	0.895	0.994	0.988
C1rb	C4b	10090.ENSMUSP00000139376	10090.ENSMUSP00000069418	0	0	0	0	0.093	0.136	0.826	0.783	0.966
C1rb	C1s1	10090.ENSMUSP00000139376	10090.ENSMUSP00000125531	0	0	0	0.866	0.524	0.737	0.895	0.949	0.987
C1s1	Serping1	10090.ENSMUSP00000125531	10090.ENSMUSP00000023994	0	0	0	0	0.414	0.199	0.818	0.964	0.996
C1s1	C4b	10090.ENSMUSP00000125531	10090.ENSMUSP00000069418	0	0	0	0	0.208	0.136	0.826	0.787	0.971
C1s2	Serping1	10090.ENSMUSP00000066999	10090.ENSMUSP00000023994	0	0	0	0	0.313	0.199	0.818	0.975	0.997
C1s2	C2	10090.ENSMUSP00000066999	10090.ENSMUSP00000025230	0	0	0	0.556	0.067	0	0.900	0.523	0.924
C1s2	Crp	10090.ENSMUSP00000066999	10090.ENSMUSP00000044665	0	0	0	0	0.057	0.047	0.900	0.472	0.946
C1s2	C4b	10090.ENSMUSP00000066999	10090.ENSMUSP00000069418	0	0	0	0	0.117	0.136	0.913	0.750	0.981
C2	C3	10090.ENSMUSP00000025230	10090.ENSMUSP00000024988	0	0	0	0	0.163	0.617	0.826	0.630	0.976
C2	Ighg2c	10090.ENSMUSP00000025230	10090.ENSMUSP00000100212	0	0	0	0	0	0	0.900	0.051	0.901
C2	Masp2	10090.ENSMUSP00000025230	10090.ENSMUSP00000049729	0	0	0	0.556	0.093	0.058	0.900	0.287	0.917
C2	Colec10	10090.ENSMUSP00000025230	10090.ENSMUSP00000037867	0	0	0	0	0.078	0.057	0.909	0.098	0.919
C2	Colec11	10090.ENSMUSP00000025230	10090.ENSMUSP00000049285	0	0	0	0	0.094	0.057	0.909	0.164	0.926
C2	Masp1	10090.ENSMUSP00000025230	10090.ENSMUSP00000087327	0	0	0	0.546	0.066	0.087	0.900	0.496	0.927
C2	Fcna	10090.ENSMUSP00000025230	10090.ENSMUSP00000028307	0	0	0	0	0.078	0.047	0.908	0.216	0.928
C2	C4b	10090.ENSMUSP00000025230	10090.ENSMUSP00000069418	0	0	0	0	0.160	0.387	0.826	0.609	0.960
C2	Hc	10090.ENSMUSP00000025230	10090.ENSMUSP00000028233	0	0	0	0	0.133	0.283	0.913	0.403	0.963
C3	Cfp	10090.ENSMUSP00000024988	10090.ENSMUSP00000001156	0	0	0	0	0.137	0.916	0.891	0.814	0.998
C3	Plg	10090.ENSMUSP00000024988	10090.ENSMUSP00000014578	0	0	0	0	0.259	0.136	0.818	0.590	0.946
C3	Cpb2	10090.ENSMUSP00000024988	10090.ENSMUSP00000022576	0	0	0	0	0.162	0.058	0.900	0.255	0.933
C3	Cpn1	10090.ENSMUSP00000024988	10090.ENSMUSP00000026210	0	0	0	0	0.116	0.130	0.900	0.124	0.923
C3	Cpn2	10090.ENSMUSP00000024988	10090.ENSMUSP00000069318	0	0	0	0	0.152	0.105	0.900	0.130	0.925
C3	Cfd	10090.ENSMUSP00000024988	10090.ENSMUSP00000056836	0	0	0	0	0.118	0.645	0.922	0.771	0.993
C3	Cfh	10090.ENSMUSP00000024988	10090.ENSMUSP00000107607	0	0	0	0	0.180	0.818	0.800	0.867	0.995
C3	Cfb	10090.ENSMUSP00000024988	10090.ENSMUSP00000025229	0	0	0	0	0.416	0.741	0.826	0.888	0.996
C3	Cfi	10090.ENSMUSP00000024988	10090.ENSMUSP00000077074	0	0	0	0	0.221	0.950	0.826	0.823	0.998
C4b	Cfp	10090.ENSMUSP00000069418	10090.ENSMUSP00000001156	0	0	0	0	0.073	0.560	0.481	0.724	0.933
C4b	Cfb	10090.ENSMUSP00000069418	10090.ENSMUSP00000025229	0	0	0	0	0.262	0.387	0.652	0.725	0.951
C4b	Mbl2	10090.ENSMUSP00000069418	10090.ENSMUSP00000025797	0	0	0	0	0.149	0.089	0.800	0.495	0.911
C4b	C4bp	10090.ENSMUSP00000069418	10090.ENSMUSP00000027657	0	0	0	0	0.122	0.082	0.800	0.880	0.978
C4b	Hc	10090.ENSMUSP00000069418	10090.ENSMUSP00000028233	0	0	0	0.677	0.162	0.084	0.900	0.725	0.935
C4b	Fcna	10090.ENSMUSP00000069418	10090.ENSMUSP00000028307	0	0	0	0	0.171	0	0.900	0.468	0.952
C4b	Colec10	10090.ENSMUSP00000069418	10090.ENSMUSP00000037867	0	0	0	0	0.109	0.089	0.900	0.194	0.925
C4b	Mbl1	10090.ENSMUSP00000069418	10090.ENSMUSP00000048765	0	0	0	0	0.174	0.089	0.800	0.478	0.910
C4b	Colec11	10090.ENSMUSP00000069418	10090.ENSMUSP00000049285	0	0	0	0	0.165	0.089	0.900	0.459	0.953
C4b	Masp2	10090.ENSMUSP00000069418	10090.ENSMUSP00000049729	0	0	0	0	0.158	0.707	0.913	0.592	0.990
C4b	Cfd	10090.ENSMUSP00000069418	10090.ENSMUSP00000056836	0	0	0	0	0.099	0.727	0.496	0.620	0.946
C4b	Ighg2c	10090.ENSMUSP00000069418	10090.ENSMUSP00000100212	0	0	0	0	0	0	0.900	0.074	0.903
C4b	Cfi	10090.ENSMUSP00000069418	10090.ENSMUSP00000077074	0	0	0	0	0.175	0.503	0.652	0.664	0.945
C4b	Masp1	10090.ENSMUSP00000069418	10090.ENSMUSP00000087327	0	0	0	0	0.127	0.417	0.913	0.621	0.981
C4bp	Pros1	10090.ENSMUSP00000027657	10090.ENSMUSP00000023629	0	0	0	0	0.062	0.087	0	0.921	0.927
C8a	C9	10090.ENSMUSP00000067541	10090.ENSMUSP00000022749	0	0	0	0.789	0.444	0.846	0.922	0.475	0.993
C8a	Hc	10090.ENSMUSP00000067541	10090.ENSMUSP00000028233	0	0	0	0	0.248	0.912	0.800	0.581	0.993
C8a	C8b	10090.ENSMUSP00000067541	10090.ENSMUSP00000031663	0	0	0	0.851	0.795	0.780	0.922	0.925	0.996
C8a	C8g	10090.ENSMUSP00000067541	10090.ENSMUSP00000041855	0	0	0	0	0.219	0.758	0.922	0.806	0.996
C8b	C9	10090.ENSMUSP00000031663	10090.ENSMUSP00000022749	0	0	0	0.773	0.551	0.757	0.922	0.405	0.991
C8b	Hc	10090.ENSMUSP00000031663	10090.ENSMUSP00000028233	0	0	0	0	0.221	0.955	0.800	0.606	0.996
C8b	C8g	10090.ENSMUSP00000031663	10090.ENSMUSP00000041855	0	0	0	0	0.252	0.645	0.922	0.844	0.996
C8g	C9	10090.ENSMUSP00000041855	10090.ENSMUSP00000022749	0	0	0	0	0.274	0.645	0.922	0.368	0.985
C8g	Hc	10090.ENSMUSP00000041855	10090.ENSMUSP00000028233	0	0	0	0	0.163	0.795	0.800	0.201	0.968
C9	Plg	10090.ENSMUSP00000022749	10090.ENSMUSP00000014578	0	0	0	0	0.910	0.065	0	0.262	0.932
C9	Fgg	10090.ENSMUSP00000022749	10090.ENSMUSP00000037018	0	0	0	0	0.895	0	0	0.268	0.919
C9	Fga	10090.ENSMUSP00000022749	10090.ENSMUSP00000133117	0	0	0	0	0.892	0	0	0.304	0.921
C9	Fgb	10090.ENSMUSP00000022749	10090.ENSMUSP00000039472	0	0	0	0	0.894	0	0	0.313	0.924
C9	Hc	10090.ENSMUSP00000022749	10090.ENSMUSP00000028233	0	0	0	0	0.253	0.912	0.800	0.358	0.990
Cat	Prdx2	10090.ENSMUSP00000028610	10090.ENSMUSP00000005292	0.050	0	0	0	0.284	0.362	0	0.809	0.906
Cdk1	Ect2	10090.ENSMUSP00000020099	10090.ENSMUSP00000103935	0	0	0	0	0.953	0.130	0	0.573	0.981
Cfb	Cfp	10090.ENSMUSP00000025229	10090.ENSMUSP00000001156	0	0	0	0	0.112	0.589	0	0.971	0.988
Cfb	Cfh	10090.ENSMUSP00000025229	10090.ENSMUSP00000107607	0	0	0	0	0.134	0.124	0.800	0.888	0.980
Cfb	Hc	10090.ENSMUSP00000025229	10090.ENSMUSP00000028233	0	0	0	0	0.226	0.283	0.913	0.723	0.984
Cfb	Cfd	10090.ENSMUSP00000025229	10090.ENSMUSP00000056836	0	0	0	0	0.062	0.434	0.900	0.977	0.998
Cfd	Cfp	10090.ENSMUSP00000056836	10090.ENSMUSP00000001156	0	0	0	0	0.069	0.104	0	0.899	0.908
Cfh	Crp	10090.ENSMUSP00000107607	10090.ENSMUSP00000044665	0	0	0	0	0.058	0.586	0	0.989	0.995
Cfh	Cfi	10090.ENSMUSP00000107607	10090.ENSMUSP00000077074	0	0	0	0	0.161	0.524	0	0.876	0.946
Cfp	Thbs1	10090.ENSMUSP00000001156	10090.ENSMUSP00000044903	0	0	0	0.685	0	0	0.900	0.529	0.916
Cfp	Hc	10090.ENSMUSP00000001156	10090.ENSMUSP00000028233	0	0	0	0	0.052	0.401	0.548	0.724	0.919
Clu	Pltp	10090.ENSMUSP00000022616	10090.ENSMUSP00000061519	0	0	0	0	0.062	0	0.720	0.827	0.950
Clu	Hspa5	10090.ENSMUSP00000022616	10090.ENSMUSP00000097747	0	0	0	0	0	0.227	0	0.938	0.950
Colec11	Masp2	10090.ENSMUSP00000049285	10090.ENSMUSP00000049729	0	0	0	0	0.180	0.057	0.545	0.788	0.915
Colec11	Masp1	10090.ENSMUSP00000049285	10090.ENSMUSP00000087327	0	0	0	0	0.135	0.057	0.545	0.883	0.951
Cpb2	Plg	10090.ENSMUSP00000022576	10090.ENSMUSP00000014578	0	0	0	0	0.548	0.102	0.134	0.764	0.906
Cpb2	Serpinc1	10090.ENSMUSP00000022576	10090.ENSMUSP00000068971	0	0	0	0	0.770	0	0	0.737	0.937
Cpb2	Hc	10090.ENSMUSP00000022576	10090.ENSMUSP00000028233	0	0	0	0	0.283	0.099	0.900	0.516	0.964
Cpb2	F2	10090.ENSMUSP00000022576	10090.ENSMUSP00000028681	0	0	0	0	0.504	0.209	0.922	0.865	0.995
Cpn1	Hc	10090.ENSMUSP00000026210	10090.ENSMUSP00000028233	0	0	0	0	0.189	0.082	0.900	0.126	0.926
Cpn1	Cpn2	10090.ENSMUSP00000026210	10090.ENSMUSP00000069318	0	0	0	0	0.170	0.355	0.800	0.622	0.954
Cpn2	Hc	10090.ENSMUSP00000069318	10090.ENSMUSP00000028233	0	0	0	0	0.186	0.105	0.900	0.130	0.928
Crp	Ighg2c	10090.ENSMUSP00000044665	10090.ENSMUSP00000100212	0	0	0	0	0	0	0.900	0.049	0.900
Egfr	Hspa5	10090.ENSMUSP00000020329	10090.ENSMUSP00000097747	0	0	0	0	0	0.406	0	0.914	0.947
F10	Serpind1	10090.ENSMUSP00000068389	10090.ENSMUSP00000023450	0	0	0	0	0.320	0.145	0.743	0.516	0.918
F10	Pros1	10090.ENSMUSP00000068389	10090.ENSMUSP00000023629	0	0	0	0.622	0.062	0.087	0.915	0.286	0.929
F10	F2	10090.ENSMUSP00000068389	10090.ENSMUSP00000028681	0	0	0.353	0.756	0.274	0	0.900	0.822	0.944
F10	F5	10090.ENSMUSP00000068389	10090.ENSMUSP00000083204	0	0	0	0	0.161	0.130	0.663	0.674	0.909
F10	Serpinc1	10090.ENSMUSP00000068389	10090.ENSMUSP00000068971	0	0	0	0	0.294	0.645	0.922	0.764	0.994
F12	Plg	10090.ENSMUSP00000021948	10090.ENSMUSP00000014578	0	0	0	0.689	0.504	0.057	0.839	0.620	0.933
F12	Serping1	10090.ENSMUSP00000021948	10090.ENSMUSP00000023994	0	0	0	0	0.116	0.124	0.845	0.755	0.966
F12	Serpinc1	10090.ENSMUSP00000021948	10090.ENSMUSP00000068971	0	0	0	0	0.566	0.124	0.842	0.716	0.980
F12	Kng1	10090.ENSMUSP00000021948	10090.ENSMUSP00000023589	0	0	0	0	0.407	0.131	0.917	0.676	0.984
F12	Klkb1	10090.ENSMUSP00000021948	10090.ENSMUSP00000112174	0	0	0.294	0.629	0.400	0.087	0.961	0.900	0.986
F13a1	Serpind1	10090.ENSMUSP00000048667	10090.ENSMUSP00000023450	0	0	0	0	0	0	0.900	0.172	0.913
F13a1	F13b	10090.ENSMUSP00000048667	10090.ENSMUSP00000027615	0	0	0	0	0	0.710	0.800	0.657	0.978
F13a1	F2	10090.ENSMUSP00000048667	10090.ENSMUSP00000028681	0	0	0	0	0	0.087	0.900	0.561	0.956
F13a1	Fgg	10090.ENSMUSP00000048667	10090.ENSMUSP00000037018	0	0	0	0	0	0.704	0.500	0.451	0.911
F13a1	Fga	10090.ENSMUSP00000048667	10090.ENSMUSP00000133117	0	0	0	0	0	0.679	0.500	0.529	0.918
F13a1	Serpinc1	10090.ENSMUSP00000048667	10090.ENSMUSP00000068971	0	0	0	0	0	0	0.900	0.377	0.935
F13b	Serpind1	10090.ENSMUSP00000027615	10090.ENSMUSP00000023450	0	0	0	0	0.305	0	0.900	0.216	0.940
F13b	F2	10090.ENSMUSP00000027615	10090.ENSMUSP00000028681	0	0	0	0	0.463	0	0.900	0.325	0.960
F13b	Serpinc1	10090.ENSMUSP00000027615	10090.ENSMUSP00000068971	0	0	0	0	0.675	0	0.900	0.398	0.978
F13b	Fgb	10090.ENSMUSP00000027615	10090.ENSMUSP00000039472	0	0	0	0	0.670	0.130	0.900	0.503	0.983
F13b	Fga	10090.ENSMUSP00000027615	10090.ENSMUSP00000133117	0	0	0	0	0.682	0.130	0.900	0.549	0.985
F13b	Fgg	10090.ENSMUSP00000027615	10090.ENSMUSP00000037018	0	0	0	0	0.513	0.705	0.900	0.455	0.991
F2	Serpind1	10090.ENSMUSP00000028681	10090.ENSMUSP00000023450	0	0	0	0	0.525	0.916	0.853	0.987	0.999
F2	Hc	10090.ENSMUSP00000028681	10090.ENSMUSP00000028233	0	0	0	0	0.242	0.136	0.909	0.591	0.972
F2	Serpinf2	10090.ENSMUSP00000028681	10090.ENSMUSP00000048704	0	0	0	0	0.452	0.239	0.298	0.740	0.913
F2	Pzp	10090.ENSMUSP00000028681	10090.ENSMUSP00000032510	0	0	0	0	0.441	0.136	0.132	0.861	0.934
F2	Vwf	10090.ENSMUSP00000028681	10090.ENSMUSP00000107873	0	0	0	0	0	0	0.600	0.968	0.987
F2	F5	10090.ENSMUSP00000028681	10090.ENSMUSP00000083204	0	0	0	0	0.180	0.209	0.961	0.711	0.991
F2	Fgb	10090.ENSMUSP00000028681	10090.ENSMUSP00000039472	0	0	0	0	0.577	0.645	0.961	0.576	0.997
F2	Fgg	10090.ENSMUSP00000028681	10090.ENSMUSP00000037018	0	0	0	0	0.765	0.645	0.961	0.603	0.998
F2	Serpinc1	10090.ENSMUSP00000028681	10090.ENSMUSP00000068971	0	0	0	0	0.788	0.916	0.922	0.991	0.999
F2	Fga	10090.ENSMUSP00000028681	10090.ENSMUSP00000133117	0	0	0	0	0.786	0.923	0.961	0.701	0.999
F5	Pros1	10090.ENSMUSP00000083204	10090.ENSMUSP00000023629	0	0	0	0	0.079	0.227	0.922	0.465	0.966
Fbln1	Fn1	10090.ENSMUSP00000054583	10090.ENSMUSP00000054499	0	0	0	0	0.100	0.161	0	0.981	0.985
Fcna	Masp2	10090.ENSMUSP00000028307	10090.ENSMUSP00000049729	0	0	0	0	0.100	0.251	0.544	0.762	0.917
Fcna	Masp1	10090.ENSMUSP00000028307	10090.ENSMUSP00000087327	0	0	0	0	0.067	0.204	0.544	0.805	0.925
Fetub	Plg	10090.ENSMUSP00000023587	10090.ENSMUSP00000014578	0	0	0	0	0.867	0.065	0.142	0.274	0.912
Fetub	Itih2	10090.ENSMUSP00000023587	10090.ENSMUSP00000046530	0	0	0	0	0.837	0	0	0.410	0.900
Fga	Plg	10090.ENSMUSP00000133117	10090.ENSMUSP00000014578	0	0	0	0	0.959	0.047	0.219	0.399	0.979
Fga	Kng1	10090.ENSMUSP00000133117	10090.ENSMUSP00000023589	0	0	0	0	0.681	0.659	0	0.452	0.935
Fga	Fgg	10090.ENSMUSP00000133117	10090.ENSMUSP00000037018	0	0	0	0.762	0.975	0.975	0.932	0.937	0.999
Fga	Fgb	10090.ENSMUSP00000133117	10090.ENSMUSP00000039472	0	0	0	0.743	0.974	0.975	0.932	0.938	0.999
Fga	Thbs1	10090.ENSMUSP00000133117	10090.ENSMUSP00000044903	0	0	0	0	0	0.695	0.720	0.139	0.920
Fga	Serpinf2	10090.ENSMUSP00000133117	10090.ENSMUSP00000048704	0	0	0	0	0.494	0.087	0.762	0.348	0.918
Fga	Fn1	10090.ENSMUSP00000133117	10090.ENSMUSP00000054499	0	0	0	0	0.062	0.662	0.791	0.291	0.947
Fga	Serpinc1	10090.ENSMUSP00000133117	10090.ENSMUSP00000068971	0	0	0	0	0.906	0	0.729	0.538	0.987
Fgb	Plg	10090.ENSMUSP00000039472	10090.ENSMUSP00000014578	0	0	0	0	0.968	0.695	0.219	0.302	0.994
Fgb	Serpind1	10090.ENSMUSP00000039472	10090.ENSMUSP00000023450	0	0	0	0	0.485	0	0.915	0.402	0.971
Fgb	Kng1	10090.ENSMUSP00000039472	10090.ENSMUSP00000023589	0	0	0	0	0.642	0.691	0	0.481	0.937
Fgb	Fgg	10090.ENSMUSP00000039472	10090.ENSMUSP00000037018	0	0	0	0.799	0.975	0.965	0.932	0.938	0.999
Fgb	Thbs1	10090.ENSMUSP00000039472	10090.ENSMUSP00000044903	0	0	0	0	0	0.695	0.720	0.172	0.923
Fgb	Fn1	10090.ENSMUSP00000039472	10090.ENSMUSP00000054499	0	0	0	0	0.062	0.664	0.791	0.240	0.943
Fgb	Serpinc1	10090.ENSMUSP00000039472	10090.ENSMUSP00000068971	0	0	0	0	0.853	0.695	0.961	0.514	0.999
Fgg	Plg	10090.ENSMUSP00000037018	10090.ENSMUSP00000014578	0	0	0	0	0.957	0.694	0.219	0.359	0.992
Fgg	Hpx	10090.ENSMUSP00000037018	10090.ENSMUSP00000033185	0	0	0	0	0.786	0.693	0.151	0.313	0.956
Fgg	Thbs1	10090.ENSMUSP00000037018	10090.ENSMUSP00000044903	0	0	0	0	0	0.696	0.720	0.116	0.918
Fgg	Serpinf2	10090.ENSMUSP00000037018	10090.ENSMUSP00000048704	0	0	0	0	0.469	0.067	0.762	0.397	0.919
Fgg	Fn1	10090.ENSMUSP00000037018	10090.ENSMUSP00000054499	0	0	0	0	0.077	0.664	0.791	0.235	0.944
Fgg	Serpinc1	10090.ENSMUSP00000037018	10090.ENSMUSP00000068971	0	0	0	0	0.890	0.695	0.729	0.553	0.995
Fn1	Plg	10090.ENSMUSP00000054499	10090.ENSMUSP00000014578	0	0	0	0	0	0.212	0.173	0.923	0.945
Fn1	Vtn	10090.ENSMUSP00000054499	10090.ENSMUSP00000017488	0	0	0	0	0.061	0.078	0	0.978	0.980
Fn1	Thbs1	10090.ENSMUSP00000054499	10090.ENSMUSP00000044903	0	0	0	0	0.175	0.410	0.720	0.972	0.995
Fn1	Gapdh	10090.ENSMUSP00000054499	10090.ENSMUSP00000113942	0	0	0	0	0	0.089	0	0.944	0.948
Fn1	Vwf	10090.ENSMUSP00000054499	10090.ENSMUSP00000107873	0	0	0	0	0.062	0	0.300	0.951	0.965
Gapdh	Plg	10090.ENSMUSP00000113942	10090.ENSMUSP00000014578	0	0	0	0	0	0.053	0	0.980	0.981
Gapdh	Hspa8	10090.ENSMUSP00000113942	10090.ENSMUSP00000015800	0.042	0	0	0	0.200	0.755	0.800	0.823	0.992
Gapdh	Pkm	10090.ENSMUSP00000113942	10090.ENSMUSP00000034834	0.080	0	0	0	0.709	0.164	0	0.752	0.937
H2-D1	H2-K1	10090.ENSMUSP00000134570	10090.ENSMUSP00000025181	0	0	0	0.980	0.917	0	0.720	0.917	0.976
Hba-a2	Hbb-bs	10090.ENSMUSP00000090895	10090.ENSMUSP00000023934	0	0	0	0.891	0.303	0.963	0.800	0.676	0.994
Hbb-bs	Hpx	10090.ENSMUSP00000023934	10090.ENSMUSP00000033185	0	0	0	0	0.088	0	0.900	0.187	0.919
Hp	Hpx	10090.ENSMUSP00000074436	10090.ENSMUSP00000033185	0	0	0	0	0.243	0.057	0.113	0.933	0.952
Hpx	Lrp1	10090.ENSMUSP00000033185	10090.ENSMUSP00000044004	0	0	0	0	0.056	0.050	0.600	0.975	0.990
Hrg	Plg	10090.ENSMUSP00000023590	10090.ENSMUSP00000014578	0	0	0	0	0.715	0.082	0.821	0.941	0.996
Hspa1b	Hspa1l	10090.ENSMUSP00000133815	10090.ENSMUSP00000007248	0	0	0.449	0.983	0.052	0.090	0.900	0.675	0.907
Hspa1b	Lrp1	10090.ENSMUSP00000133815	10090.ENSMUSP00000044004	0	0	0	0	0.049	0.069	0	0.983	0.984
Hspa5	Pzp	10090.ENSMUSP00000097747	10090.ENSMUSP00000032510	0.041	0	0	0	0	0.251	0	0.978	0.983
Hspa8	Tfrc	10090.ENSMUSP00000015800	10090.ENSMUSP00000023486	0	0	0	0	0.061	0	0.600	0.893	0.956
Hspa8	Pkm	10090.ENSMUSP00000015800	10090.ENSMUSP00000034834	0.049	0	0	0	0.118	0.073	0	0.959	0.964
Ica	Tfrc	10090.ENSMUSP00000035163	10090.ENSMUSP00000023486	0	0	0	0	0	0.739	0.800	0.099	0.948
Igj	Pigr	10090.ENSMUSP00000084259	10090.ENSMUSP00000027675	0	0	0	0	0.062	0.820	0	0.990	0.998
Klkb1	Plg	10090.ENSMUSP00000112174	10090.ENSMUSP00000014578	0	0	0	0.653	0.347	0.046	0.839	0.627	0.914
Klkb1	Kng1	10090.ENSMUSP00000112174	10090.ENSMUSP00000023589	0	0	0	0	0.177	0.738	0.905	0.775	0.994
Klkb1	Serping1	10090.ENSMUSP00000112174	10090.ENSMUSP00000023994	0	0	0	0	0.061	0.110	0.845	0.741	0.962
Klkb1	Serpinc1	10090.ENSMUSP00000112174	10090.ENSMUSP00000068971	0	0	0	0	0.553	0.110	0.501	0.565	0.902
Lcat	Pon1	10090.ENSMUSP00000038232	10090.ENSMUSP00000002663	0	0	0	0	0.201	0	0.720	0.729	0.934
Lcat	Pltp	10090.ENSMUSP00000038232	10090.ENSMUSP00000061519	0	0	0	0	0.067	0	0.720	0.798	0.942
Lrp1	Pzp	10090.ENSMUSP00000044004	10090.ENSMUSP00000032510	0	0	0	0	0.069	0.235	0	0.982	0.986
Lrp1	Thbs1	10090.ENSMUSP00000044004	10090.ENSMUSP00000044903	0	0	0	0	0.076	0.402	0	0.896	0.937
Masp1	Serping1	10090.ENSMUSP00000087327	10090.ENSMUSP00000023994	0	0	0	0	0.089	0.130	0.818	0.800	0.967
Masp1	Mbl2	10090.ENSMUSP00000087327	10090.ENSMUSP00000025797	0	0	0	0	0.208	0.764	0.922	0.906	0.998
Masp1	Mbl1	10090.ENSMUSP00000087327	10090.ENSMUSP00000048765	0	0	0	0	0.221	0.401	0.891	0.822	0.989
Masp1	Masp2	10090.ENSMUSP00000087327	10090.ENSMUSP00000049729	0	0	0	0.916	0.120	0.130	0.922	0.937	0.940
Masp2	Serping1	10090.ENSMUSP00000049729	10090.ENSMUSP00000023994	0	0	0	0	0.094	0.130	0.818	0.698	0.951
Masp2	Mbl2	10090.ENSMUSP00000049729	10090.ENSMUSP00000025797	0	0	0	0	0.236	0.763	0.922	0.849	0.997
Masp2	Mbl1	10090.ENSMUSP00000049729	10090.ENSMUSP00000048765	0	0	0	0	0.280	0.401	0.891	0.743	0.986
Mbl1	Serping1	10090.ENSMUSP00000048765	10090.ENSMUSP00000023994	0	0	0	0	0.135	0	0.800	0.482	0.902
Piga	Pigr	10090.ENSMUSP00000033754	10090.ENSMUSP00000027675	0	0	0	0	0.062	0	0	0.990	0.991
Plg	Vtn	10090.ENSMUSP00000014578	10090.ENSMUSP00000017488	0	0	0	0	0.570	0.057	0.215	0.875	0.955
Plg	Serpinf2	10090.ENSMUSP00000014578	10090.ENSMUSP00000048704	0	0	0	0	0.484	0.350	0.487	0.888	0.978
Plg	Serpinc1	10090.ENSMUSP00000014578	10090.ENSMUSP00000068971	0	0	0	0	0.933	0.719	0.298	0.751	0.996
Proz	Serpina10	10090.ENSMUSP00000033822	10090.ENSMUSP00000048357	0	0	0	0	0.612	0.913	0.129	0.832	0.994
Psma1	Psmb4	10090.ENSMUSP00000033008	10090.ENSMUSP00000005923	0	0	0	0	0.812	0.995	0.961	0.774	0.999
Psma1	Psmb1	10090.ENSMUSP00000033008	10090.ENSMUSP00000014913	0	0	0	0	0.911	0.994	0.961	0.906	0.999
Psma1	Psmb6	10090.ENSMUSP00000033008	10090.ENSMUSP00000018430	0	0	0	0	0.908	0.994	0.961	0.672	0.999
Psma1	Psma6	10090.ENSMUSP00000033008	10090.ENSMUSP00000021412	0	0	0.292	0.757	0.913	0.995	0.961	0.802	0.999
Psma1	Psmb5	10090.ENSMUSP00000033008	10090.ENSMUSP00000022803	0	0	0	0	0.712	0.995	0.961	0.746	0.999
Psma1	Psma7	10090.ENSMUSP00000033008	10090.ENSMUSP00000029082	0	0	0.354	0.835	0.804	0.984	0.961	0.827	0.999
Psma1	Psmb2	10090.ENSMUSP00000033008	10090.ENSMUSP00000030642	0	0	0	0	0.953	0.994	0.961	0.850	0.999
Psma1	Psma8	10090.ENSMUSP00000033008	10090.ENSMUSP00000042590	0	0	0.338	0.841	0.793	0.760	0.905	0.608	0.995
Psma1	Psma4	10090.ENSMUSP00000033008	10090.ENSMUSP00000034848	0	0	0.215	0.749	0.917	0.994	0.961	0.814	0.999
Psma1	Psmb10	10090.ENSMUSP00000033008	10090.ENSMUSP00000034369	0	0	0	0	0.762	0.984	0.950	0.652	0.999
Psma1	Psma3	10090.ENSMUSP00000033008	10090.ENSMUSP00000125548	0	0	0.304	0.733	0.909	0.995	0.961	0.847	0.999
Psma1	Psma5	10090.ENSMUSP00000033008	10090.ENSMUSP00000088057	0	0	0.348	0.807	0.815	0.984	0.952	0.834	0.999
Psma1	Psmb3	10090.ENSMUSP00000033008	10090.ENSMUSP00000099436	0	0	0	0	0.788	0.986	0.952	0.739	0.999
Psma3	Psmb4	10090.ENSMUSP00000125548	10090.ENSMUSP00000005923	0	0	0	0	0.813	0.994	0.961	0.878	0.999
Psma3	Psmb1	10090.ENSMUSP00000125548	10090.ENSMUSP00000014913	0	0	0.308	0	0.836	0.994	0.961	0.805	0.999
Psma3	Psmb6	10090.ENSMUSP00000125548	10090.ENSMUSP00000018430	0	0	0	0	0.808	0.994	0.961	0.661	0.999
Psma3	Psma6	10090.ENSMUSP00000125548	10090.ENSMUSP00000021412	0	0	0.357	0.789	0.934	0.993	0.961	0.814	0.999
Psma3	Psmb5	10090.ENSMUSP00000125548	10090.ENSMUSP00000022803	0	0	0	0	0.719	0.983	0.961	0.716	0.999
Psma3	Psma7	10090.ENSMUSP00000125548	10090.ENSMUSP00000029082	0	0	0.427	0.805	0.786	0.986	0.952	0.715	0.999
Psma3	Vcp	10090.ENSMUSP00000125548	10090.ENSMUSP00000030164	0	0	0.258	0	0.199	0.888	0	0.338	0.950
Psma3	Psmb2	10090.ENSMUSP00000125548	10090.ENSMUSP00000030642	0	0	0	0	0.815	0.994	0.961	0.846	0.999
Psma3	Psmb10	10090.ENSMUSP00000125548	10090.ENSMUSP00000034369	0	0	0.248	0	0.753	0.982	0.950	0.457	0.999
Psma3	Psma4	10090.ENSMUSP00000125548	10090.ENSMUSP00000034848	0	0	0.283	0.752	0.939	0.993	0.961	0.905	0.999
Psma3	Psma8	10090.ENSMUSP00000125548	10090.ENSMUSP00000042590	0	0	0.422	0.790	0.769	0.753	0.905	0.574	0.995
Psma3	Psma5	10090.ENSMUSP00000125548	10090.ENSMUSP00000088057	0	0	0.417	0.819	0.821	0.984	0.952	0.804	0.999
Psma3	Psmb3	10090.ENSMUSP00000125548	10090.ENSMUSP00000099436	0	0	0	0	0.779	0.983	0.952	0.754	0.999
Psma4	Psmb4	10090.ENSMUSP00000034848	10090.ENSMUSP00000005923	0	0	0	0	0.831	0.994	0.961	0.641	0.999
Psma4	Psmb1	10090.ENSMUSP00000034848	10090.ENSMUSP00000014913	0	0	0	0	0.911	0.994	0.961	0.791	0.999
Psma4	Psmb6	10090.ENSMUSP00000034848	10090.ENSMUSP00000018430	0	0	0	0	0.811	0.994	0.961	0.741	0.999
Psma4	Psma6	10090.ENSMUSP00000034848	10090.ENSMUSP00000021412	0	0	0.323	0.814	0.926	0.994	0.961	0.842	0.999
Psma4	Psmb5	10090.ENSMUSP00000034848	10090.ENSMUSP00000022803	0	0	0	0	0.720	0.983	0.961	0.622	0.999
Psma4	Psma7	10090.ENSMUSP00000034848	10090.ENSMUSP00000029082	0	0	0.341	0.865	0.882	0.984	0.961	0.793	0.999
Psma4	Vcp	10090.ENSMUSP00000034848	10090.ENSMUSP00000030164	0	0	0	0	0.384	0.901	0	0.334	0.956
Psma4	Psmb2	10090.ENSMUSP00000034848	10090.ENSMUSP00000030642	0	0	0	0	0.908	0.994	0.961	0.857	0.999
Psma4	Psmb10	10090.ENSMUSP00000034848	10090.ENSMUSP00000034369	0	0	0.285	0.609	0.767	0.983	0.950	0.487	0.999
Psma4	Psma8	10090.ENSMUSP00000034848	10090.ENSMUSP00000042590	0	0	0.344	0.868	0.790	0.764	0.905	0.485	0.995
Psma4	Psma5	10090.ENSMUSP00000034848	10090.ENSMUSP00000088057	0	0	0.414	0.827	0.836	0.983	0.952	0.766	0.999
Psma4	Psmb3	10090.ENSMUSP00000034848	10090.ENSMUSP00000099436	0	0	0	0	0.813	0.983	0.952	0.737	0.999
Psma5	Psmb4	10090.ENSMUSP00000088057	10090.ENSMUSP00000005923	0	0	0	0	0.837	0.983	0.952	0.769	0.999
Psma5	Psmb1	10090.ENSMUSP00000088057	10090.ENSMUSP00000014913	0	0	0.313	0	0.808	0.983	0.952	0.795	0.999
Psma5	Psmb6	10090.ENSMUSP00000088057	10090.ENSMUSP00000018430	0	0	0.210	0	0.802	0.983	0.952	0.641	0.999
Psma5	Psma6	10090.ENSMUSP00000088057	10090.ENSMUSP00000021412	0	0	0.411	0.793	0.820	0.983	0.952	0.832	0.999
Psma5	Psmb5	10090.ENSMUSP00000088057	10090.ENSMUSP00000022803	0	0	0	0.605	0.691	0.978	0.952	0.741	0.999
Psma5	Psma7	10090.ENSMUSP00000088057	10090.ENSMUSP00000029082	0	0	0.431	0.863	0.784	0.979	0.952	0.716	0.999
Psma5	Psmb2	10090.ENSMUSP00000088057	10090.ENSMUSP00000030642	0	0	0	0	0.798	0.983	0.952	0.835	0.999
Psma5	Psmb10	10090.ENSMUSP00000088057	10090.ENSMUSP00000034369	0	0	0.331	0.640	0.644	0.976	0.947	0.570	0.999
Psma5	Psma8	10090.ENSMUSP00000088057	10090.ENSMUSP00000042590	0	0	0.434	0.876	0.653	0.692	0.895	0.393	0.989
Psma5	Psmb3	10090.ENSMUSP00000088057	10090.ENSMUSP00000099436	0	0	0	0	0.724	0.977	0.947	0.787	0.999
Psma6	Psmb4	10090.ENSMUSP00000021412	10090.ENSMUSP00000005923	0	0	0	0	0.824	0.994	0.961	0.786	0.999
Psma6	Psmb1	10090.ENSMUSP00000021412	10090.ENSMUSP00000014913	0	0	0	0	0.833	0.994	0.961	0.742	0.999
Psma6	Psmb6	10090.ENSMUSP00000021412	10090.ENSMUSP00000018430	0	0	0	0	0.771	0.994	0.961	0.665	0.999
Psma6	Vcp	10090.ENSMUSP00000021412	10090.ENSMUSP00000030164	0	0	0.212	0	0.127	0.887	0	0.100	0.921
Psma6	Psma8	10090.ENSMUSP00000021412	10090.ENSMUSP00000042590	0	0	0.415	0.805	0.767	0.753	0.905	0.532	0.995
Psma6	Psmb5	10090.ENSMUSP00000021412	10090.ENSMUSP00000022803	0	0	0	0	0.680	0.983	0.961	0.717	0.999
Psma6	Psmb10	10090.ENSMUSP00000021412	10090.ENSMUSP00000034369	0	0	0.246	0	0.754	0.983	0.950	0.575	0.999
Psma6	Psma7	10090.ENSMUSP00000021412	10090.ENSMUSP00000029082	0	0	0.403	0.820	0.804	0.983	0.961	0.758	0.999
Psma6	Psmb3	10090.ENSMUSP00000021412	10090.ENSMUSP00000099436	0	0	0	0	0.778	0.983	0.952	0.722	0.999
Psma6	Psmb2	10090.ENSMUSP00000021412	10090.ENSMUSP00000030642	0	0	0	0	0.820	0.994	0.961	0.808	0.999
Psma7	Psmb4	10090.ENSMUSP00000029082	10090.ENSMUSP00000005923	0	0	0	0	0.902	0.983	0.961	0.777	0.999
Psma7	Psmb1	10090.ENSMUSP00000029082	10090.ENSMUSP00000014913	0	0	0.264	0	0.817	0.983	0.961	0.777	0.999
Psma7	Psmb6	10090.ENSMUSP00000029082	10090.ENSMUSP00000018430	0	0	0	0	0.799	0.981	0.961	0.634	0.999
Psma7	Psmb5	10090.ENSMUSP00000029082	10090.ENSMUSP00000022803	0	0	0	0	0.777	0.978	0.961	0.698	0.999
Psma7	Vcp	10090.ENSMUSP00000029082	10090.ENSMUSP00000030164	0	0	0.292	0	0.097	0.837	0	0.226	0.908
Psma7	Psmb10	10090.ENSMUSP00000029082	10090.ENSMUSP00000034369	0	0	0.268	0.614	0.607	0.976	0.947	0.563	0.999
Psma7	Psmb3	10090.ENSMUSP00000029082	10090.ENSMUSP00000099436	0	0	0	0	0.853	0.979	0.952	0.730	0.999
Psma7	Psmb2	10090.ENSMUSP00000029082	10090.ENSMUSP00000030642	0	0	0	0	0.814	0.983	0.961	0.757	0.999
Psma8	Psmb4	10090.ENSMUSP00000042590	10090.ENSMUSP00000005923	0	0	0	0	0.768	0.754	0.905	0.450	0.996
Psma8	Psmb1	10090.ENSMUSP00000042590	10090.ENSMUSP00000014913	0	0	0.242	0	0.792	0.754	0.905	0.536	0.997
Psma8	Psmb6	10090.ENSMUSP00000042590	10090.ENSMUSP00000018430	0	0	0.208	0	0.778	0.733	0.905	0.372	0.996
Psma8	Psmb5	10090.ENSMUSP00000042590	10090.ENSMUSP00000022803	0	0	0	0	0.732	0.683	0.905	0.354	0.994
Psma8	Psmb2	10090.ENSMUSP00000042590	10090.ENSMUSP00000030642	0	0	0	0	0.795	0.755	0.905	0.480	0.997
Psma8	Psmb10	10090.ENSMUSP00000042590	10090.ENSMUSP00000034369	0	0	0.260	0	0.591	0.648	0.947	0.342	0.995
Psma8	Psmb3	10090.ENSMUSP00000042590	10090.ENSMUSP00000099436	0	0	0	0	0.657	0.692	0.895	0.362	0.992
Psmb1	Psmb4	10090.ENSMUSP00000014913	10090.ENSMUSP00000005923	0	0	0	0	0.896	0.994	0.961	0.837	0.999
Psmb1	Vcp	10090.ENSMUSP00000014913	10090.ENSMUSP00000030164	0	0	0	0	0.452	0.877	0	0.074	0.932
Psmb1	Psmb3	10090.ENSMUSP00000014913	10090.ENSMUSP00000099436	0	0	0.215	0.743	0.826	0.983	0.952	0.761	0.999
Psmb1	Psmb5	10090.ENSMUSP00000014913	10090.ENSMUSP00000022803	0	0	0	0.605	0.825	0.983	0.961	0.827	0.999
Psmb1	Psmb10	10090.ENSMUSP00000014913	10090.ENSMUSP00000034369	0	0	0.235	0	0.752	0.983	0.950	0.740	0.999
Psmb1	Psmb6	10090.ENSMUSP00000014913	10090.ENSMUSP00000018430	0	0	0	0	0.907	0.994	0.961	0.733	0.999
Psmb1	Psmb2	10090.ENSMUSP00000014913	10090.ENSMUSP00000030642	0	0	0	0.671	0.912	0.994	0.961	0.888	0.999
Psmb10	Psmb4	10090.ENSMUSP00000034369	10090.ENSMUSP00000005923	0	0	0	0	0.759	0.984	0.950	0.652	0.999
Psmb10	Psmb6	10090.ENSMUSP00000034369	10090.ENSMUSP00000018430	0	0	0	0.731	0.648	0.916	0.950	0.682	0.998
Psmb10	Psmb5	10090.ENSMUSP00000034369	10090.ENSMUSP00000022803	0	0	0	0.665	0.571	0.886	0.950	0.771	0.998
Psmb10	Psmb2	10090.ENSMUSP00000034369	10090.ENSMUSP00000030642	0	0	0	0	0.754	0.983	0.950	0.719	0.999
Psmb10	Psmb3	10090.ENSMUSP00000034369	10090.ENSMUSP00000099436	0	0	0	0	0.656	0.979	0.947	0.562	0.999
Psmb2	Psmb4	10090.ENSMUSP00000030642	10090.ENSMUSP00000005923	0	0	0	0.628	0.877	0.994	0.961	0.879	0.999
Psmb2	Psmb6	10090.ENSMUSP00000030642	10090.ENSMUSP00000018430	0	0	0	0	0.877	0.994	0.961	0.725	0.999
Psmb2	Psmb5	10090.ENSMUSP00000030642	10090.ENSMUSP00000022803	0	0	0	0	0.795	0.983	0.961	0.828	0.999
Psmb2	Psmb3	10090.ENSMUSP00000030642	10090.ENSMUSP00000099436	0	0	0	0	0.829	0.983	0.952	0.898	0.999
Psmb3	Psmb4	10090.ENSMUSP00000099436	10090.ENSMUSP00000005923	0	0	0	0	0.864	0.983	0.952	0.851	0.999
Psmb3	Psmb6	10090.ENSMUSP00000099436	10090.ENSMUSP00000018430	0	0	0	0.653	0.821	0.983	0.952	0.680	0.999
Psmb3	Psmb5	10090.ENSMUSP00000099436	10090.ENSMUSP00000022803	0	0	0	0.631	0.822	0.979	0.952	0.721	0.999
Psmb4	Psmb6	10090.ENSMUSP00000005923	10090.ENSMUSP00000018430	0	0	0	0	0.866	0.994	0.961	0.712	0.999
Psmb4	Psmb5	10090.ENSMUSP00000005923	10090.ENSMUSP00000022803	0	0	0	0	0.812	0.983	0.961	0.770	0.999
Psmb5	Psmb6	10090.ENSMUSP00000022803	10090.ENSMUSP00000018430	0	0	0.297	0.744	0.834	0.982	0.961	0.901	0.999
Rbp4	Ttr	10090.ENSMUSP00000025951	10090.ENSMUSP00000074783	0	0	0	0	0.270	0.924	0.600	0.989	0.999
Saa1	Saa2	10090.ENSMUSP00000119150	10090.ENSMUSP00000075365	0	0	0	0.982	0.935	0	0.540	0.529	0.969
Serpina1b	Serpina1c	10090.ENSMUSP00000093101	10090.ENSMUSP00000073695	0	0	0.449	0.986	0.793	0.695	0	0.584	0.935
Serpinc1	Vwf	10090.ENSMUSP00000068971	10090.ENSMUSP00000107873	0	0	0	0	0	0.045	0.900	0.795	0.978
Serpind1	Vwf	10090.ENSMUSP00000023450	10090.ENSMUSP00000107873	0	0	0	0	0	0.045	0.900	0.365	0.934
Tfrc	Trf	10090.ENSMUSP00000023486	10090.ENSMUSP00000035158	0	0	0	0	0	0.928	0.800	0.909	0.998
