name,r1_1_1,r1_1_2,r1_1_3,r1_1_4,r1_1_5,r1_2_1,r1_2_2,r1_2_3,r1_2_4,r1_2_5,r1_3_1,r1_3_2,r1_3_3,r1_3_4,r1_3_5,r1_4_1,r1_4_2,r1_4_3,r1_4_4,r1_5_1,r1_5_2,r1_5_3,r1_5_4,r1_5_5,r1_6_1,r1_6_2,r1_6_3,r1_6_4,r1_6_5
A2m,38.28735,38.00864,37.90561,37.95139,37.93006,37.99449,38.11012,38.61541,38.16872,38.05854,37.09152,36.89859,36.9088,36.92968,37.01203,37.89001,38.64158,37.98953,38.00211,37.80622,37.7935,37.67122,37.702,37.71338,37.72986,37.54272,37.42561,37.49093,37.52773
Apoh,30.37223,30.09182,30.12288,29.41774,29.52809,30.48232,30.49286,30.88409,30.58109,30.24785,30.4007,30.56466,30.6254,30.55371,30.49791,30.58388,31.49071,30.73771,30.5122,30.49715,30.4564,30.54793,30.45679,30.50711,30.34032,30.09899,30.15955,30.24207,30.14819
Serpinf1,26.92048,26.54813,25.45453,25.41503,26.09911,27.80888,25.83557,25.92994,25.92633,26.94257,25.06768,22.70625,22.66491,24.10725,24.09965,25.858,27.60003,27.01446,26.24402,25.07871,25.58938,24.90812,24.44891,25.10969,25.14977,25.22232,24.76946,24.14126,24.89546
Cfp,29.8859,29.92181,29.86558,30.91471,29.75113,30.66068,31.10936,28.44095,30.78714,30.98536,29.81783,30.22849,31.16728,30.92705,30.90182,30.86983,30.96959,30.57948,30.80147,30.34477,30.88088,31.17236,31.18122,30.77572,30.72037,31.30427,31.04746,30.62471,30.84588
Col1a1,26.10085,24.94311,25.08995,23.41142,25.06919,22.77325,23.25516,24.61425,22.51395,24.48867,20.06483,24.59098,24.73892,24.44266,22.55462,21.84465,22.39601,22.31107,22.37185,25.01389,25.24078,25.13645,25.39728,25.47153,25.17032,25.23381,25.4073,25.18295,25.4095
Pon1,27.65533,27.10689,27.0476,27.43285,27.35085,28.66959,28.73134,29.15081,28.01244,28.44221,25.41371,27.13995,27.19892,27.59235,27.52343,27.78419,27.82037,27.85007,27.44372,27.47073,27.83358,27.96008,27.8273,27.94123,27.68392,27.48808,27.70002,27.21521,27.06692
Apoc4,24.71461,24.55104,24.96089,23.22744,23.88241,24.59685,25.04331,25.49439,25.08298,24.75537,26.08286,25.56755,26.03842,25.55783,25.9766,24.32368,24.79382,24.77394,24.59736,25.84843,25.80813,25.63223,26.07133,26.04352,26.1663,26.08115,25.62547,25.68875,25.29063
Prdx2,25.99529,25.43905,24.88367,26.50854,20.80877,26.47393,26.69578,26.13886,27.50877,26.47314,20.94139,25.96849,23.15036,25.20172,25.19035,26.88972,26.43627,26.00312,26.31921,27.79476,26.68819,27.15228,27.01137,27.49541,27.14521,26.33751,26.58649,26.30262,26.75468
Apoa2,25.39284,26.66519,26.13843,26.04768,26.61484,30.12952,29.44128,28.22995,28.52365,28.772,31.54342,31.62606,32.00624,32.39854,31.87335,28.49705,25.23052,29.71807,29.62723,29.08048,30.2923,29.66866,30.73618,30.73279,30.9194,31.4115,31.41503,31.89363,31.42492
Itih3,28.89195,28.42045,28.60148,28.52869,28.48911,27.92048,28.15103,28.76575,28.1517,28.24921,28.83587,28.40592,28.69272,28.84536,28.90423,28.76595,29.26372,28.93781,28.6216,28.57928,28.88215,29.27075,28.92773,28.88486,27.44648,27.67694,27.4251,27.90902,27.70372
Itih4,32.18136,31.75422,31.88191,31.54972,31.72334,31.34117,31.3931,32.10684,31.47822,31.58786,32.1034,32.20137,32.23683,32.11849,32.05743,31.94189,32.74447,31.9573,32.09839,31.74005,31.61658,31.55326,31.64787,31.79715,31.0397,30.9674,30.71424,30.59557,30.93537
Saa4,26.39098,26.08659,25.89312,26.32265,26.11237,26.13261,27.03779,27.54053,26.62087,26.71398,28.28034,28.23904,28.23635,28.58057,28.13936,26.158,26.60456,26.45651,26.15356,25.22092,26.38851,25.18162,25.38199,25.23531,25.34384,25.31569,25.28044,25.46145,25.62187
Plg,34.97857,34.88272,34.8409,34.89681,34.88867,34.509,34.75628,34.73651,34.77245,34.66135,35.02705,35.01313,34.99374,35.00148,34.9677,34.51835,35.1304,34.63688,34.66644,34.78668,34.86341,34.69706,34.83017,34.88803,35.03543,34.99673,34.98838,35.01226,35.04661
Hspa8,23.31354,25.97248,24.79665,26.13061,25.82265,27.27106,27.04978,23.05861,25.38673,27.14092,23.15618,22.85986,24.96455,22.94887,23.63356,26.18452,18.67356,24.55754,24.98294,24.03179,24.08537,25.58887,23.6825,24.3345,24.33926,24.0035,25.1731,25.71025,24.26807
Cd5l,31.99203,32.35828,32.28893,32.0037,32.47269,32.33626,32.5852,31.88169,32.52753,32.79996,31.5319,31.6477,31.61667,31.4179,31.3871,31.86865,29.54185,31.80105,31.47856,32.02274,31.90369,31.87774,31.92861,32.07849,31.92018,31.74719,31.90996,32.09043,31.91299
Vtn,30.36557,29.57407,29.86909,29.93115,29.5995,29.99389,29.99415,30.91784,30.05943,30.09899,30.92755,30.87196,31.36192,31.23489,31.07202,30.5185,30.91142,30.46217,30.52813,30.46801,30.59602,30.29329,30.63253,30.56819,30.41448,30.44717,30.21535,30.24853,30.22734
Egfr,29.89644,29.51587,29.82483,29.17931,29.2826,29.98983,30.1795,30.77886,30.12349,29.9428,29.72975,29.65282,29.45057,29.4641,29.45413,29.76303,30.41377,29.57308,30.05853,29.08258,29.14623,28.55322,28.85807,28.92521,29.27315,29.0653,29.16761,28.7377,29.27402
Serpina3n,25.52815,24.9162,25.01776,25.31257,25.11629,24.98124,24.42554,25.61734,25.27437,24.85776,27.93315,28.07337,28.04411,28.28251,27.98512,26.87056,28.05946,27.48876,27.09043,26.13138,25.62324,24.934,25.41083,25.31672,25.95258,25.63553,25.3695,25.66234,25.9183
Gpld1,30.05504,30.35311,30.39213,30.04583,29.90813,30.68537,31.06162,30.8589,30.97357,30.82214,29.49163,28.87109,29.23863,29.15902,28.88806,30.61772,31.56996,30.49581,30.49352,29.80752,29.89659,29.72394,29.85784,30.02644,29.57165,29.48456,29.54254,29.03753,29.68036
F12,28.27706,27.96014,28.62961,27.92122,28.05383,27.97607,28.39239,28.88346,28.4852,28.4746,28.82651,28.77696,28.45732,28.55238,29.13186,28.3986,29.40511,28.53749,28.70253,28.69988,28.80495,28.50805,28.75389,28.60481,28.58982,28.5721,28.44466,28.3229,28.64863
Cpb2,24.43052,23.78736,25.41203,24.11362,25.19069,23.70757,24.12526,25.23994,23.62176,23.47741,24.28771,24.8189,24.46812,23.98494,23.93355,23.84719,25.44361,24.40458,24.18435,25.05379,23.39401,25.18982,23.92597,24.67842,24.46413,24.57467,23.48001,23.92152,24.68094
Clu,30.88081,30.44144,30.46791,30.39243,30.42031,30.56629,30.84857,31.51018,31.23118,31.07246,31.69847,31.60867,31.84022,31.38072,31.60885,30.36181,31.23535,30.50711,30.40091,30.84946,30.492,30.9267,30.98963,30.94231,31.13038,30.88809,30.88838,31.08512,31.16543
C9,29.61045,29.24642,29.28531,29.33191,29.26403,28.4773,28.91094,29.37805,28.81961,28.61045,28.44943,28.10849,28.32492,28.37778,28.23288,28.57665,29.22901,28.53816,28.7643,27.61147,27.44087,27.58592,27.43674,27.59377,28.04276,27.98212,27.89856,28.01563,28.01041
Serpind1,27.95249,27.55296,27.7145,27.55604,27.51382,27.14248,27.51503,28.38595,27.45372,27.58219,26.72051,26.69432,26.78768,26.80452,26.34859,27.08436,27.85085,27.08598,27.66723,26.73079,26.88611,26.77279,26.79303,26.80919,26.68552,26.40921,26.40375,26.22647,26.73092
Tfrc,28.40673,27.30295,28.06671,26.81042,27.67694,28.03396,27.99906,29.00292,28.33611,28.73108,24.0431,24.83374,24.52169,24.75384,24.62416,27.87303,28.7527,27.2641,28.1534,26.28127,26.85935,26.23847,26.08942,27.01691,25.56337,25.42336,24.4491,25.51512,25.79166
Ahsg,32.27481,31.88987,32.26495,31.50956,31.58567,31.85983,31.97011,32.50344,32.6805,32.39312,33.64721,33.63201,33.43564,33.74314,33.73943,31.66805,33.20726,32.09735,32.05624,32.54938,33.11446,32.12059,32.59317,32.43971,33.025,33.34401,32.55453,32.69077,33.34903
Fetub,28.68335,28.35515,28.14822,28.22899,27.87156,28.61193,28.8091,29.71344,28.89804,28.61224,28.60827,28.30774,28.60964,28.30509,28.58337,29.08347,29.65282,28.8665,29.16401,28.03559,28.09798,27.81665,27.98256,28.07015,27.98604,28.0477,27.64238,27.84966,27.87162
Kng1,32.46354,32.17926,32.29844,31.88453,31.96158,32.35474,32.48819,32.88351,32.31189,32.26693,31.97326,31.88325,31.97045,31.78258,31.72387,32.25628,32.70967,32.03878,32.43534,31.6501,31.62017,31.63127,31.57628,31.5376,31.66204,31.50668,31.5647,31.63469,31.61197
Hrg,30.74174,30.39703,30.3053,30.27609,30.51164,30.24751,30.29833,31.22234,30.38679,30.22159,29.74586,29.65685,29.55815,29.79382,29.55927,30.37979,31.28179,30.32055,30.5072,30.0898,29.88539,29.84949,30.10275,29.90182,29.65724,29.6284,29.52949,29.71075,29.62164
Adipoq,29.8054,30.41488,30.21686,29.99564,30.11558,29.83026,29.8897,28.62108,30.16806,29.8595,27.61161,27.95199,28.17869,27.63187,28.45411,29.19225,28.80122,29.03701,28.87883,28.71646,29.02931,29.24785,29.09984,29.71252,29.17145,28.45994,29.32436,28.87449,29.11056
Serping1,25.56288,25.46026,25.87462,24.21911,25.39248,25.9183,26.27129,26.84218,26.32613,26.37612,25.24891,25.19937,24.95735,24.9842,24.94633,25.61894,26.37201,25.38667,25.98492,25.428,25.78694,25.61203,25.76585,25.57678,25.00226,24.65491,24.91169,24.83099,25.71238
C3,36.36856,36.23676,36.11395,36.1177,36.08001,36.10969,36.25288,36.622,36.215,36.16693,35.33877,35.39643,35.32724,35.2833,35.35212,36.54193,36.97192,36.55585,36.53264,36.2554,36.40735,36.16364,36.27595,36.3394,35.63839,35.56274,35.51206,35.414,35.49866
Cfb,31.32625,30.9808,30.9465,30.88314,30.90333,30.91356,31.22452,31.10674,31.21581,31.29433,31.32351,30.96959,30.93115,30.90842,30.70066,31.18801,31.69437,30.95567,31.06651,30.46616,30.88577,30.68244,30.68929,30.84176,30.73884,30.82252,30.70759,30.7319,30.74943
C2,27.99556,27.36244,27.99615,27.33552,27.26374,26.2299,26.35205,26.42044,26.19011,26.27172,24.90596,25.21952,25.5268,25.34455,25.12436,27.15625,26.62394,26.00387,25.95227,25.53724,25.82345,26.12074,25.58104,25.3889,24.7897,25.47445,26.10903,25.54813,24.83152
Apom,24.51443,23.5566,23.34787,24.20195,23.92479,24.68362,24.35917,25.51554,25.08026,24.43752,23.79064,23.7681,23.70588,23.86872,23.63788,23.62901,24.26571,23.63987,23.41274,24.71366,24.23374,25.19035,24.46451,24.74191,24.49247,24.15027,24.32985,24.05986,24.47191
Mbl2,29.47363,29.18811,29.30609,29.00892,29.53966,28.85216,29.00563,29.86763,29.41949,29.27526,27.26607,27.61231,27.79977,27.70859,28.13951,28.0839,29.36365,28.58556,28.30326,28.92394,28.63187,28.83542,28.89657,29.04672,28.39256,28.16332,28.35456,28.13315,28.6107
Rbp4,28.4006,27.87203,27.83418,27.70121,28.07592,26.15321,26.97399,27.03181,27.69179,27.60428,26.94927,27.94486,27.9831,27.77744,27.69039,28.46692,28.56464,28.25002,28.38743,27.10859,27.07725,27.50105,26.64499,27.01521,27.68652,27.53919,27.29772,27.83328,27.84858
Spp2,27.75487,28.2196,28.04396,28.22927,27.88873,28.73512,28.70856,27.86308,28.50393,28.79625,27.46334,27.14472,27.80637,27.58334,27.20918,28.53897,29.20422,28.65731,28.61583,27.58556,27.68813,27.64196,27.75034,28.38989,27.23663,27.77165,28.20499,27.21438,27.54834
F13b,31.67522,31.19331,31.15237,31.04642,31.40274,30.55041,30.94259,31.66403,31.15973,31.28956,32.19844,32.22081,32.09968,32.09751,32.10347,30.75382,31.02855,30.82783,30.77667,32.13296,32.13057,32.1035,32.10868,32.49907,33.00788,32.68556,32.77477,32.63121,32.78998
C4bp,33.25237,32.76497,32.85175,32.59312,32.79715,32.89876,32.99944,33.37904,33.14017,33.14151,31.80355,32.11533,31.9643,31.88569,31.96857,32.86966,33.94603,32.893,33.16586,32.99825,32.67274,32.70039,32.8441,33.11395,32.28088,32.19534,32.177,32.26992,32.47733
Pigr,26.44277,25.81184,25.52895,25.96351,25.42005,25.50939,25.27192,25.03574,25.33217,25.30574,24.93872,24.8225,24.68929,24.61616,24.57254,26.14812,26.68057,26.34433,24.81861,25.08942,23.89087,23.65796,23.93814,23.75817,25.49796,25.03502,25.15518,25.00015,22.98536
Apcs,25.82721,25.74235,25.82505,25.77125,25.86387,24.05829,25.60062,26.04743,24.7964,24.82435,27.02781,27.53282,27.32809,27.61723,27.6454,26.77014,27.62986,27.10809,27.34739,26.02502,25.78304,25.60289,25.92477,25.85702,24.32024,24.17181,24.26213,23.8292,24.52031
Hc,33.80097,33.70203,33.86903,33.55202,33.58318,33.45953,33.54881,33.63871,33.52811,33.51265,32.03032,31.96836,31.91695,31.84154,31.90372,33.26696,34.12794,33.33711,33.29693,32.54453,32.5943,32.35846,32.56272,32.56288,32.36883,32.32029,32.24244,32.15464,32.30359
Gsn,32.01551,32.67485,32.67459,32.89005,32.46521,32.2681,32.34043,32.20405,32.22395,32.09005,31.48721,31.42056,31.28538,31.7864,31.46232,32.09836,32.64579,32.02042,32.12808,32.22851,32.25446,32.12432,32.02175,32.1511,32.18032,32.04039,32.06224,31.97995,31.97815
Fcna,31.26198,31.8049,27.62031,31.71108,31.33047,31.56115,31.5879,31.04759,30.17736,31.64495,29.53688,29.5366,29.45629,29.05822,29.33524,31.36844,29.06843,31.10706,31.26086,30.42112,30.70174,29.80099,30.27487,30.48913,30.29691,30.34043,30.04479,30.18624,30.31721
Cat,25.98954,28.21956,28.67684,28.39954,26.6599,29.8532,29.97062,27.65465,29.1898,29.52236,24.8003,25.73977,26.34641,25.62945,25.66131,29.56734,29.70757,29.43633,29.18589,29.18064,29.91356,29.46511,30.04869,29.34098,27.35203,27.6454,28.23781,28.19751,28.197
F2,31.88041,31.55096,31.63348,31.60673,31.4886,31.42021,31.72602,32.22587,31.81337,31.85274,31.215,30.89432,30.83763,30.95954,30.79676,31.55737,32.17003,31.53399,31.29969,31.08119,31.074,30.96313,30.85927,30.89417,30.82994,30.69644,30.68829,30.72988,30.71874
Car2,26.05928,26.12631,26.32402,25.98446,23.74909,26.78307,29.91428,24.18835,29.67713,22.73511,24.81627,24.36966,23.84613,24.20083,22.05486,28.72299,28.7266,26.61498,26.8259,23.95082,29.82296,24.04009,24.03061,24.37908,25.22494,24.96534,22.73564,22.83474,23.19612
Bche,21.90514,22.82074,23.07063,22.40802,20.82058,20.88591,21.62386,19.73319,19.42493,22.28868,21.90998,21.18024,20.65779,22.84843,20.13097,21.32223,20.73653,21.2245,19.86685,20.17838,21.39355,23.25748,22.12471,21.10111,22.4354,22.25121,22.59846,23.06961,21.30811
Ambp,29.27026,28.94397,28.65854,29.01193,28.95396,28.53975,28.51153,29.34278,28.7019,28.80523,28.27493,28.50567,28.27307,28.24636,28.54878,28.87408,29.43151,28.96171,29.056,28.58671,28.71552,28.84533,28.61323,28.79238,28.49518,27.78157,28.0379,27.98799,28.1161
Orm1,23.30354,22.41887,22.85291,22.0459,22.90947,22.80792,23.76699,22.12925,23.64878,19.71789,26.36033,28.46696,28.95649,28.39088,28.56027,23.49277,23.74694,23.34259,23.52073,23.13353,22.79725,23.71858,23.58795,24.22861,24.04068,26.0049,24.56424,26.62226,26.08257
Vcp,24.27355,23.54828,25.32893,25.01278,24.42143,27.20331,27.73705,28.45705,27.80384,27.78019,24.42163,23.80971,24.29271,23.63964,24.04502,25.90199,24.9147,25.87699,25.81404,27.9577,28.10639,27.85757,27.65615,27.66465,26.60414,26.74317,25.95821,26.57557,27.02284
Hgfac,25.81565,27.85442,27.66675,25.98644,26.80637,26.65403,28.1505,27.39387,27.50408,27.76294,27.72306,26.96873,27.14131,27.15287,27.49343,27.31622,20.7704,27.3803,27.43309,25.98066,26.73738,27.30687,26.46012,26.22345,27.61147,27.56638,27.25575,27.95283,27.16883
Alb,37.59502,37.62711,37.54797,37.66541,37.41832,38.05318,38.24298,38.52507,38.14314,38.2531,38.75925,38.48832,38.51511,38.55664,38.58438,37.96048,38.27061,38.00562,37.982,38.11245,38.15601,37.90028,38.14661,38.0472,38.34212,38.19592,38.29981,38.09491,38.12222
Pf4,25.33579,25.38617,24.67632,24.22626,24.0554,28.32294,28.44967,28.94601,26.17003,28.16667,21.60035,24.95691,24.23383,26.66302,26.44875,27.3479,28.46782,25.85688,26.24331,26.20137,28.27711,27.72455,28.36198,27.92422,26.894,27.85013,27.46817,27.62631,28.07163
C8b,33.04741,33.03151,32.95712,32.94658,32.88296,32.40434,32.58625,32.795,32.31794,32.45795,31.19601,31.35899,31.40263,31.30634,31.44391,32.67369,33.06423,32.53837,32.5921,31.69432,31.73876,31.86644,31.72147,31.73562,31.49772,31.43331,31.6154,31.85471,31.57853
Igsf10,29.8034,29.54514,28.87596,29.6493,29.60229,30.31452,31.04244,31.67581,31.53848,31.26299,31.67754,32.11436,32.03217,31.75633,32.01162,30.2135,30.84131,30.08385,29.99132,31.83662,31.56688,31.89952,31.8886,32.31306,31.52599,31.22986,31.40928,31.87913,31.76916
Acta1,29.07743,29.4847,29.52113,28.57246,28.44427,29.39685,30.13589,29.35792,28.97878,29.23836,27.16806,26.88122,26.49415,27.35842,26.64513,28.47178,25.35535,28.53066,28.96741,27.36077,27.41716,27.58391,26.66357,28.36824,27.62471,27.47923,27.67949,27.57672,27.4763
Ecm1,28.75156,28.78069,28.70032,28.61077,28.668,28.36591,28.59452,28.00774,27.77687,28.13399,27.11366,27.44,27.87929,27.61786,27.42246,28.95507,29.60813,28.67499,28.69555,28.75729,28.50442,28.80119,28.59099,28.57661,28.3195,27.9603,28.42374,28.04921,28.22384
Actg1,29.07743,29.4847,29.52113,28.57246,28.44427,29.39685,30.13589,29.35792,28.97878,29.23836,27.16806,26.88122,26.49415,27.35842,26.64513,28.47178,25.35535,28.53066,28.96741,27.36077,27.41716,27.58391,26.66357,28.36824,27.62471,27.47923,27.67949,27.57672,27.4763
Mst1,24.91242,24.48093,25.0571,24.59474,24.59986,24.58726,24.54239,24.35998,24.82982,24.59588,24.02013,23.81861,20.42189,22.74938,24.17333,25.00702,25.51866,25.28556,25.7555,24.48861,24.48757,24.37259,24.52247,24.90394,24.12731,24.19798,24.03859,24.1686,24.2
Mmrn1,22.25281,27.15682,26.14847,25.59366,26.73428,27.59235,27.43682,22.97584,26.15515,27.44063,25.03708,23.70076,25.36513,26.88075,24.6712,26.33862,26.67681,25.36389,25.80077,26.56648,26.97027,26.11525,26.73583,26.9085,27.50862,27.75888,28.03291,27.18999,27.2787
Gpx3,29.38482,29.3652,29.36626,28.95521,29.56142,27.69205,27.20481,28.51217,28.85964,28.90124,27.88361,27.53334,27.56296,27.96999,27.29404,29.18021,29.92903,29.10032,29.26841,28.36344,28.63979,28.58111,28.59459,28.78188,28.42862,28.31367,28.15398,28.36043,28.12273
Aldoa,23.4716,24.08497,24.0535,23.89791,23.98329,24.51015,24.54857,24.66758,24.42771,25.82163,24.46351,24.1529,23.31179,24.21074,21.51089,24.29593,25.31831,24.45764,24.47228,23.40938,24.35474,24.42278,21.60592,24.44044,24.50149,24.47358,24.48567,26.22429,24.05895
Gpx1,28.15166,28.21891,28.64997,27.99852,27.88174,28.19404,28.26289,28.21836,27.32199,28.16916,27.4691,27.35187,27.41167,27.43134,27.53297,28.08856,29.0683,28.31566,28.25494,27.76129,27.7692,27.30696,27.45505,27.41659,27.54517,27.25728,27.37294,27.22582,27.34723
Apoc2,25.81103,25.43049,25.15623,25.76471,25.24071,26.77379,26.74535,27.55406,26.8735,27.23754,27.68646,27.94095,27.89105,27.88594,27.33134,26.42817,26.82165,26.39275,26.04408,27.80796,27.82049,26.99776,27.17674,27.04812,27.45959,28.22683,27.24771,26.90976,27.88291
Grn,25.37249,25.80848,26.00455,25.79258,25.93935,25.71091,26.19959,22.72875,26.08253,25.34719,25.94418,26.21766,26.31862,25.83846,26.24846,26.06624,21.08401,26.60583,26.17047,25.56186,25.42451,25.95921,25.77934,25.76127,25.81181,25.8952,25.58184,25.67339,25.56288
Reln,24.94913,25.89804,26.37426,25.15545,25.27899,26.33166,26.207,22.11213,25.56793,25.94633,24.66926,24.38212,24.65578,24.15314,24.54433,25.8252,23.81382,25.13759,25.69864,26.60088,26.09722,25.42972,26.49019,25.72507,25.98203,25.98603,26.53874,25.43539,26.44785
Igfals,28.17174,27.33219,27.46817,27.46217,27.19704,26.59491,27.65663,28.10704,27.18319,26.60201,25.51953,25.44161,26.15027,25.86507,25.66631,27.41353,27.83653,27.61302,27.91131,26.17434,25.953,26.52371,26.15279,26.31974,25.94519,26.14585,25.03808,25.701,25.33036
Acta2,29.07743,29.4847,29.52113,28.57246,28.44427,29.39685,30.13589,29.35792,28.97878,29.23836,27.16806,26.88122,26.49415,27.35842,26.64513,28.47178,25.35535,28.53066,28.96741,27.36077,27.41716,27.58391,26.66357,28.36824,27.62471,27.47923,27.67949,27.57672,27.4763
F13a1,32.05342,32.05876,32.33666,31.92483,32.01837,31.86146,31.94684,32.29996,31.72143,31.9451,31.02287,31.03879,30.9506,30.98012,31.10149,31.55,32.73505,31.67581,32.04097,32.06519,32.35707,32.30269,32.20011,32.27323,32.64746,32.6513,32.5957,32.53034,32.77154
Hspa1a,23.31354,25.97248,24.79665,26.13061,25.82265,27.27106,27.04978,23.05861,25.38673,27.14092,23.15618,22.85986,24.96455,22.94887,23.63356,26.18452,18.67356,24.55754,24.98294,24.03179,24.08537,25.58887,23.6825,24.3345,24.33926,24.0035,25.1731,25.71025,24.26807
Mbl1,31.02499,31.17212,31.26997,31.19102,31.07788,30.90146,30.90333,30.60222,30.76462,31.1351,29.77784,29.27802,29.46696,29.57418,29.53614,31.66645,31.38844,31.4411,31.44431,30.08664,30.50398,30.17224,30.26361,30.3714,30.45307,30.57272,30.41084,29.96168,30.07202
C1qb,31.6288,31.17962,31.18074,31.0399,31.2049,30.70058,31.08588,30.69777,31.5237,31.4484,30.54269,31.04622,31.28019,30.83899,31.04186,30.37098,32.12028,30.89959,31.00256,32.23549,32.27409,32.30046,32.12479,32.4808,33.0178,32.67842,32.84883,32.78548,32.96187
Sepp1,26.67963,25.98327,26.03574,26.21343,24.57213,25.75707,27.74567,27.90879,27.64918,26.97869,26.4183,25.4698,26.44055,25.99992,26.47352,27.54436,26.0694,25.7092,25.97167,24.5611,26.3661,24.27633,24.82905,25.04535,25.13927,25.10933,24.88344,25.9655,25.31403
C1qc,30.33947,30.07163,30.72363,30.34488,30.42672,30.32956,29.89472,28.13653,28.79346,29.8365,28.4883,28.28621,28.89461,28.5618,28.61523,29.57024,29.93621,29.49562,29.60625,29.87404,29.86013,29.48767,30.14783,29.86965,30.62558,30.36307,30.51672,30.313,29.91199
C4b,33.76979,33.36489,33.36071,33.3395,33.26136,33.05415,33.11272,33.71303,33.07543,33.09655,32.5001,32.36398,32.43333,32.28755,32.36489,33.37257,34.08449,33.46478,33.50793,33.02054,33.02072,32.83942,32.85712,32.9849,32.91024,32.86984,32.74659,32.70248,32.82858
Fbln1,27.34562,28.56616,28.26616,28.21192,28.6024,28.14865,28.47414,27.74105,28.36265,28.64313,25.44101,25.9903,25.52019,25.04431,25.98895,28.16519,28.75761,27.85359,28.49808,26.19299,27.34232,26.93708,27.28374,27.46014,26.83026,27.64719,27.38829,27.34274,26.7939
Serpina6,21.4999,21.81634,22.42158,22.39552,22.29609,22.52128,23.66839,25.78858,24.3179,23.27696,25.49695,25.04502,25.08054,25.04235,26.29434,23.95438,24.90518,23.61493,20.658,25.44976,25.24608,22.35784,26.34452,26.62798,22.80457,24.77846,20.79091,25.67179,24.72354
Tgm2,22.47633,22.47003,22.48015,24.30366,22.07582,24.75333,24.85595,24.00479,23.88917,25.05325,21.84733,23.21185,22.65618,22.1328,21.50403,24.41931,21.19139,24.53243,24.70351,24.97911,24.67965,24.88674,24.85714,25.94519,24.29593,24.34827,24.32052,24.24554,24.48867
Pglyrp2,24.91771,24.51467,24.62076,24.39963,23.90931,24.16023,24.94056,24.89555,24.04394,24.3152,24.04668,23.993,24.36319,24.78696,25.15112,24.23147,24.44297,24.54539,24.98976,23.98407,23.49497,23.28263,24.22479,23.78067,23.94029,23.25667,23.59901,23.3995,23.71356
Serpina10,26.98707,26.19865,26.55339,26.03204,25.9104,25.93546,25.87004,27.13016,25.88511,26.28351,25.32117,25.23484,24.57687,24.8291,24.79064,26.00174,26.18234,26.06277,26.21788,24.90734,25.3151,25.3683,24.83084,25.10193,24.60037,20.29397,24.19009,24.52067,24.59838
Itih2,31.648,31.0932,31.37046,31.14011,31.10212,31.16117,31.22613,31.25912,30.98244,31.27858,30.91435,31.07909,31.05478,31.03085,30.99746,31.30552,32.61901,31.40309,31.49948,31.60889,31.58383,31.46704,31.48082,31.64916,30.99335,31.03453,30.79056,30.9746,30.72753
Igj,31.27175,31.46202,31.51916,31.13651,31.20326,31.58159,31.3638,31.22573,31.01664,31.18033,30.37181,30.23797,30.18423,30.23854,30.2824,30.43131,31.28411,30.17914,30.8181,30.61149,30.59637,30.25158,30.41991,30.38463,30.65787,30.50607,30.7038,30.52841,30.67632
Apoc1,29.05662,28.8154,28.9579,29.00019,28.88291,29.62904,29.96403,30.09131,29.59605,30.038,30.36838,30.49333,30.63824,30.49467,30.42892,28.37935,29.16763,28.25458,28.78871,28.97629,29.32135,29.27398,29.19725,29.45193,29.10866,29.07235,29.23672,29.6012,29.19404
Lum,25.47571,25.20713,25.1332,25.31341,25.405,25.71219,25.62229,25.60874,25.72393,25.64144,26.009,25.7312,25.59764,24.78277,25.88995,24.96891,25.1053,24.38962,25.39355,25.20665,26.64787,24.98264,24.2169,25.25191,25.61327,25.99164,26.26871,26.02821,26.38982
Proz,26.60894,25.38341,24.87774,25.16073,23.51171,27.01404,25.37438,26.75545,25.27437,25.8918,28.72761,28.69345,28.55069,28.70675,28.721,24.93755,27.21058,25.9612,26.1104,23.6165,25.90051,26.69631,25.30009,25.75009,27.00539,26.47548,25.6424,28.38944,26.59149
Lcat,24.63522,25.25458,20.79382,22.4175,21.77635,21.56417,26.11759,25.34739,26.07192,22.37382,25.65472,25.76448,25.62199,25.76274,22.15734,25.15147,23.77977,26.62157,25.9522,25.16718,25.95325,22.43253,25.94592,25.49951,25.58503,25.64,25.7399,25.10089,25.67244
Saa2,24.4776,23.19303,23.21544,23.08107,22.91231,24.28008,22.2352,22.4375,21.74539,23.59057,27.09305,26.96939,26.89735,27.03412,26.77894,23.16651,23.90591,22.90689,23.62333,19.83599,23.38963,21.70564,22.14222,22.39136,22.47182,21.48064,22.00748,22.88907,22.32413
Serpina3k,32.33711,32.29071,32.37005,32.33226,32.27039,32.98502,33.15251,33.42117,32.91044,33.18859,34.37639,34.64823,34.37768,34.57852,34.64849,33.15795,33.79285,33.13103,33.20768,33.28623,33.09067,33.0246,33.26178,33.02272,33.64571,33.77362,33.62593,33.59613,33.29844
Actb,29.07743,29.4847,29.52113,28.57246,28.44427,29.39685,30.13589,29.35792,28.97878,29.23836,27.16806,26.88122,26.49415,27.35842,26.64513,28.47178,25.35535,28.53066,28.96741,27.36077,27.41716,27.58391,26.66357,28.36824,27.62471,27.47923,27.67949,27.57672,27.4763
Postn,24.46787,22.80931,22.41333,22.65844,22.69307,21.81319,21.47823,21.96364,21.58504,22.20036,23.40899,23.88772,25.37782,25.16273,25.34716,22.40912,22.26962,21.43492,21.65879,21.78975,23.69012,22.18147,21.81327,22.18371,22.32444,22.36167,23.38144,23.07601,18.88443
Itih1,31.72838,31.32432,31.65023,31.57745,31.49023,31.49929,31.53881,32.05449,31.99951,31.94514,30.98685,30.71408,30.63599,30.75653,30.77211,31.66623,32.31511,31.85293,31.66251,31.62047,31.68746,31.46665,31.56683,31.57529,31.02934,30.90498,30.82031,30.75262,30.88555
Azgp1,28.95662,28.09763,28.97836,27.37094,27.87496,27.52515,28.0878,28.39264,27.97323,28.00153,27.29667,28.19061,29.00338,28.82314,28.02274,28.48788,29.80692,28.84005,28.83572,27.58613,27.85389,27.4464,27.63388,27.48055,26.64031,28.11922,26.78344,26.99906,27.525
Saa1,20.31912,21.73835,21.91998,22.35049,21.30206,22.52614,21.83345,23.72306,22.20279,22.52493,27.45293,27.89897,27.71168,27.51473,27.82001,24.26076,25.01546,24.33885,24.56075,21.97341,21.99918,21.90583,23.75733,19.5964,22.59582,23.09575,22.37281,21.04401,21.94218
Hspa1b,23.31354,25.97248,24.79665,26.13061,25.82265,27.27106,27.04978,23.05861,25.38673,27.14092,23.15618,22.85986,24.96455,22.94887,23.63356,26.18452,18.67356,24.55754,24.98294,24.03179,24.08537,25.58887,23.6825,24.3345,24.33926,24.0035,25.1731,25.71025,24.26807
F5,26.78257,26.34641,26.43736,26.20738,26.37746,24.4789,20.74797,21.99133,26.14783,25.34048,24.63439,24.31299,24.36339,25.00363,24.45958,25.89106,26.20452,25.76058,25.12266,24.8375,23.26141,25.41103,23.17036,24.69742,24.86292,25.12892,25.04935,24.34177,25.04556
Gapdh,23.98876,23.92705,24.28093,24.10965,23.87145,26.60244,26.58749,27.04895,26.87771,26.20741,26.7929,25.49677,25.45717,24.80361,25.23056,25.06262,25.99697,25.26023,25.39313,26.28281,25.8953,25.96259,25.39116,26.18741,25.0792,21.82944,25.3585,24.49692,25.25638
C8a,32.5374,32.55364,32.7222,32.47808,32.49195,32.3787,32.41198,32.14686,32.08338,32.03692,31.06599,30.81245,30.70932,30.90347,30.91342,31.98966,32.76381,31.86518,32.05125,31.50422,31.69171,31.18264,31.4715,31.26702,31.32399,31.45508,31.48736,31.26997,31.25659
Afm,29.06907,28.63647,28.90693,28.95615,28.74073,29.80937,30.15255,29.85074,30.08309,29.92054,29.21343,29.56584,29.3083,29.6704,29.68572,29.54453,30.556,29.7342,29.46912,29.34693,29.8637,29.33716,29.40127,29.33368,29.52281,29.17886,29.27637,29.24259,29.34285
Apoc3,28.47046,27.18433,28.04672,28.08998,28.23923,28.13487,28.16245,30.16099,29.76951,29.21452,30.5601,29.8566,29.99994,29.86893,29.6328,27.89695,28.5708,28.20027,27.48278,29.89147,30.46149,29.56805,29.54366,29.9057,29.85012,29.58092,29.33317,29.51407,29.51766
Thbs1,25.951,26.23374,26.32872,25.92522,26.22395,29.68083,29.72571,29.51801,29.616,30.35584,24.59923,24.76289,25.05092,25.08464,24.87516,26.93607,27.12268,26.44795,26.51387,28.56285,28.8208,28.54598,28.77957,28.48808,27.17217,29.01842,28.50359,28.37766,28.25196
Masp1,26.87079,26.14453,25.62547,26.61372,26.10945,26.0059,26.0486,27.0475,26.37986,26.37655,23.78875,24.80872,24.38113,24.27916,24.71335,25.954,26.42614,24.36346,24.41629,26.04329,25.06122,25.24165,25.5657,25.95943,25.39447,25.39816,24.62383,25.91114,24.8447
Masp2,27.81287,27.44332,27.48616,27.63166,27.32234,27.68492,28.09924,28.57029,27.99793,28.03396,27.19995,26.6238,26.97989,27.12514,26.72715,28.03847,28.68134,28.0211,28.06456,27.43539,27.55647,27.9849,27.85073,27.86862,27.45811,27.46451,27.59612,27.6571,27.32612
Fgb,36.27098,35.94567,36.01095,36.00481,35.91981,35.73673,35.87009,35.8567,35.65117,35.79462,37.11177,37.06407,37.10641,37.06055,37.0472,35.70558,36.38648,35.63149,35.53206,36.94938,36.94022,36.82738,36.81967,36.93122,37.34485,37.20396,37.15295,37.28365,37.09437
F10,26.50142,26.84912,26.96036,26.80218,26.48979,26.95471,27.11297,27.41683,26.72221,26.62756,28.45293,28.43309,28.58459,28.08396,28.3993,26.5996,26.6476,26.79365,27.04218,27.87923,27.98153,27.68204,27.35178,27.65369,27.04281,27.4017,26.84254,28.01622,27.60703
Fga,36.42384,36.30864,36.50331,36.2294,36.27872,36.22128,36.28168,36.33133,36.08763,36.16809,36.77571,36.71919,36.69773,36.8082,36.87303,36.15028,36.62555,36.17905,36.1617,36.89442,37.01567,36.85248,36.77203,36.93726,37.22027,37.01245,37.01878,36.9509,37.02839
C8g,31.6032,31.10131,31.2194,31.27636,31.3687,30.67514,30.7601,30.86592,30.78371,30.71006,29.25492,29.09295,28.87719,29.28991,29.28569,30.85705,31.44456,30.67699,31.11042,30.18978,30.14407,29.75704,30.27764,29.91014,29.63782,29.48083,29.65103,29.50985,29.55812
Serpina1c,20.37891,22.35022,22.2398,20.70928,21.71032,20.33702,25.26464,27.48193,27.01871,19.84713,26.67627,25.09905,27.75945,28.2425,21.50213,26.04964,23.07909,20.30556,26.10125,24.27064,23.83942,24.83726,24.43237,24.73975,21.65844,22.64904,24.8783,24.92125,24.71057
Orm2,23.30354,22.41887,22.85291,22.0459,22.90947,22.80792,23.76699,22.12925,23.64878,19.71789,26.36033,28.46696,28.95649,28.39088,28.56027,23.49277,23.74694,23.34259,23.52073,23.13353,22.79725,23.71858,23.58795,24.22861,24.04068,26.0049,24.56424,26.62226,26.08257
Serpina1d,29.26537,28.99183,29.04984,28.40503,28.64293,31.19625,30.14637,31.06574,30.75151,30.16219,30.76509,30.67143,31.0584,31.0177,31.50782,29.80212,31.13919,30.58772,29.7828,29.91399,31.15376,29.84763,30.0651,29.78104,30.23729,31.92433,30.25519,30.32131,30.58082
Cfd,24.53938,25.02644,25.90773,24.85234,25.22648,25.42621,25.33334,25.7134,25.9252,25.86653,27.46272,26.6811,27.04072,26.95249,27.16643,25.56087,26.92513,24.89601,25.80386,26.36979,26.61765,26.03942,27.02284,26.10612,26.25296,27.22582,27.13222,27.23507,27.54422
Fgg,36.80869,37.11749,37.16339,36.81895,36.82086,36.80713,36.81633,36.65037,36.73138,36.81252,37.06075,37.03568,37.15332,36.90522,37.05126,36.66395,37.11148,36.68917,36.93452,37.02085,37.21413,36.90735,37.17273,37.03188,37.47908,37.40205,37.21422,37.15615,37.20223
Apoa4,30.47344,30.52328,30.72338,30.05427,30.17462,30.68228,30.93277,31.62383,31.03184,31.01731,31.71918,31.73739,31.56311,31.517,31.67712,31.13925,31.70804,31.0507,31.26109,31.13791,31.33963,30.85972,31.01737,31.05407,31.35458,31.38474,31.26623,31.1674,31.27231
F7,25.23867,26.69856,26.09122,25.73856,25.72967,25.50331,25.46201,22.16647,25.39421,25.04047,21.22624,22.1869,20.91121,21.517,22.88543,25.56648,19.06056,20.25697,25.26385,22.10719,22.90445,21.31594,20.47945,23.71209,21.61465,22.57097,22.34053,21.71807,22.00975
Vwf,31.09365,30.90038,31.04035,30.82661,30.89937,30.84408,30.94998,30.31624,30.68829,30.9901,31.86931,31.9664,31.92589,31.762,31.85853,30.79033,31.07922,30.70652,30.89201,30.92981,30.77085,30.80432,30.88045,30.8067,31.64031,31.64453,31.82354,31.64005,31.64108
C1qa,29.1046,29.88081,28.9627,29.64721,29.17362,28.29959,29.27719,29.27364,29.70198,29.05489,28.67,28.8896,29.20492,29.0379,28.19512,28.42422,27.05786,28.78179,29.02105,28.9445,29.09091,29.36234,29.28454,29.74807,30.24932,29.87332,30.26607,30.14734,29.81722
Cfi,30.64873,30.55646,30.73675,30.71457,30.63417,30.36474,30.85831,31.16477,30.60373,30.82851,29.89764,30.03407,30.01969,29.83106,29.97528,30.73884,31.27409,30.74999,30.81658,30.38525,30.36087,30.25338,30.21743,30.28096,29.86629,29.88018,29.76986,29.62525,30.09169
Serpina1e,30.17855,30.07099,30.65156,30.58611,30.76097,30.9899,31.22274,31.1111,31.57871,30.76145,33.39803,33.66797,33.60234,33.87592,33.08385,31.19771,31.35893,30.37772,31.28967,30.50038,31.03852,30.49324,31.1511,30.72127,31.91392,32.28819,32.05482,32.10262,32.3219
Serpina1a,29.30236,29.33658,28.50021,28.69952,28.25314,29.48281,29.57906,30.26863,30.02855,29.85028,31.71584,31.77498,31.64847,31.39979,31.3638,29.44508,29.57062,29.14681,29.22734,30.06587,30.54619,29.65784,30.02842,30.30443,30.61553,30.75446,30.37493,30.66357,30.28538
Serpina1b,32.34992,32.01432,32.13231,32.07658,32.05006,32.84648,32.67131,33.3965,32.76361,32.85242,34.13109,34.31311,34.24743,34.18984,34.36098,32.38263,33.21986,32.34311,32.42265,33.10137,33.11795,33.25195,32.94864,33.15944,33.55556,33.52624,33.50687,33.22647,33.51277
Fn1,36.36315,36.33842,36.45424,36.27534,36.14811,36.072,36.20044,36.31086,36.20893,36.29914,35.21317,35.24044,35.27777,35.3381,35.33288,36.29192,36.92172,36.4192,36.45118,36.04633,35.99812,35.91296,35.9516,36.07172,35.83752,35.74665,35.76695,35.70081,35.68348
Apob,25.13665,24.74935,24.47265,24.69641,24.79942,24.95034,25.13453,24.34564,25.35202,25.64493,23.8374,24.56987,23.99066,24.06308,25.08302,24.69402,25.40996,24.75735,24.67751,25.91383,24.95398,25.26985,25.74904,26.09517,24.48081,24.1418,25.25303,24.48001,25.42256
B2m,30.30704,29.35243,27.92937,29.46546,29.58072,29.94405,30.46714,31.1505,29.69493,30.34647,30.16579,29.87814,30.09798,29.93677,29.37733,30.07074,27.99496,29.57152,30.08284,29.38852,29.30769,29.35538,29.70817,29.68251,29.42954,29.76595,29.95518,29.54738,29.9348
Trf,36.70032,36.57978,36.65411,36.48203,36.64219,36.56652,36.64622,36.83975,36.64876,36.61105,36.3728,36.19164,36.21558,36.23435,36.19806,36.34485,36.86602,36.57176,36.49389,36.05745,36.11726,36.04486,36.09187,36.1668,36.18266,36.08141,36.0711,35.97831,36.01174
C1s1,27.04009,27.04354,27.15045,27.03454,27.18414,24.77721,25.27331,23.52552,26.75047,25.4456,26.47613,26.65376,26.42177,26.30887,25.87591,25.23352,25.47101,25.12971,26.42678,25.68547,25.94601,26.77052,25.567,25.96649,27.67587,27.64093,28.30391,28.73844,27.755
C1ra,27.33339,27.38837,27.2141,27.46505,26.75073,26.52145,26.72442,26.93876,26.53095,25.77407,27.24581,26.95494,26.45731,26.93236,26.62296,25.94429,25.95981,25.43492,26.0704,26.54515,25.85,26.51134,26.64458,26.17526,27.50574,27.69604,27.91228,27.59456,28.31099
C1s2,22.12237,20.51316,20.98475,21.74061,21.62475,25.22088,21.89093,24.39992,23.39077,19.98245,21.60747,21.91853,21.76596,19.66092,21.40536,19.18226,18.92981,19.66237,19.14977,21.37055,21.67932,21.31374,20.71003,20.92347,22.75562,22.70498,22.63914,22.45911,22.29443
Gc,31.66953,31.63629,31.80085,31.52706,31.47663,31.94122,31.82589,31.96051,31.72379,31.90537,32.19856,32.0909,32.19554,32.30664,32.34765,31.6132,32.39471,31.72911,31.85712,31.6103,31.52725,31.51291,31.2386,31.37285,31.66488,31.61065,31.62958,31.65121,31.59881
Serpina3m,27.98,23.74684,23.72307,29.65915,21.97148,25.81225,26.0712,26.53909,26.99873,26.15157,27.17646,27.68023,27.07898,27.24554,26.85745,26.58018,28.4367,26.47256,26.26858,22.38602,26.51096,21.85022,20.52795,22.30891,24.16192,28.04682,23.61482,21.5306,22.1327
Cfh,33.07823,32.98111,33.12027,32.80394,32.79877,32.51289,32.66833,33.18261,32.88815,32.84024,32.36557,32.19844,32.33801,32.23906,32.45917,32.68794,33.39228,32.80409,32.78109,32.67295,32.61603,32.54116,32.44352,32.40469,32.06493,32.04261,32.15551,32.28129,32.22239
Crp,27.46443,26.82687,27.05009,26.72546,26.80759,26.7599,26.75735,26.86219,26.23301,26.59363,25.3131,25.18492,25.2851,25.72793,25.44661,27.47638,28.0078,27.37567,27.6102,25.24652,24.73934,24.98251,25.18982,25.20041,25.34076,25.24071,25.22792,25.06415,25.80233
Hpx,34.18305,33.60631,33.6345,33.77814,33.70934,33.09206,33.42029,34.23984,33.64495,33.64141,33.84941,33.60156,33.58654,33.58206,33.833,33.01355,33.70862,33.08754,32.9781,32.87201,32.93874,32.57382,32.76369,32.81677,33.1231,32.9193,33.01588,33.00189,32.94871
Ttr,27.32088,28.17241,27.52388,27.54185,27.36561,28.27658,28.47773,29.25138,28.73847,28.93222,28.25332,29.07278,28.44063,29.21,29.14962,28.29509,28.87807,28.63606,28.08922,28.52966,28.23863,27.4624,28.00308,27.97273,28.20149,28.09929,27.88291,28.50374,27.65554
Cp,33.97937,33.72456,33.78819,33.43104,33.73782,33.24147,33.27517,34.1254,33.54248,33.52449,33.09528,33.05195,33.08585,32.94725,33.11378,33.78195,34.50474,33.8717,33.84689,33.42767,33.59067,33.48183,33.42517,33.50119,33.15881,33.00681,33.07082,32.93512,32.9817
Serpinf2,31.71473,31.64972,30.88008,30.96231,31.23106,31.29576,31.29685,31.94632,31.00283,30.4747,31.31214,31.17872,31.4512,31.15804,31.25586,31.15007,32.07253,31.37607,31.22291,31.30666,31.35468,31.22837,30.86762,31.03715,31.10362,30.85058,31.2522,30.81069,30.98685
Apoe,31.79977,31.20833,31.3294,31.18689,31.32684,31.5612,31.90293,32.51817,32.19569,32.10986,31.64513,31.44618,31.73723,31.53055,31.74835,31.1494,31.78792,31.30427,31.29028,31.47812,31.69004,31.34588,31.3715,31.58808,31.4898,31.33058,31.28196,31.27014,31.08328
Serpinc1,30.22527,29.92337,29.93677,29.51032,29.49861,29.94559,30.12102,30.87708,30.01079,30.10124,30.33607,30.23717,30.33127,30.35815,30.26863,29.93171,30.73279,29.95934,30.12571,30.16639,30.06471,30.08626,30.07457,30.14771,30.32012,30.28207,30.0444,30.02155,30.07189
Hp,31.38499,29.79231,30.09144,30.5389,30.69661,20.05073,21.77439,22.55377,24.28741,20.59122,32.32467,31.78807,31.63179,31.60276,31.54222,29.49692,31.052,29.86613,30.58477,26.00811,22.26254,21.43847,21.47224,21.62814,28.75618,28.24036,28.90188,28.382,28.04359
Klkb1,30.16531,29.95685,30.10375,29.82139,29.63461,30.05297,30.22665,31.07865,30.11843,30.25305,29.41222,29.48205,29.45531,29.36311,29.34769,30.16615,30.97678,30.06933,30.29263,29.94391,29.98387,30.00959,29.82722,29.92054,29.83256,29.75377,29.92323,29.85491,29.51326
Apoa1,33.69737,33.70234,33.716,33.27184,33.39624,34.98282,35.08243,35.21737,35.07631,35.1905,35.58852,35.38763,35.36179,35.58009,35.47949,34.6275,35.27118,34.42286,34.69416,34.99517,35.2094,34.9982,35.0633,35.11393,35.13151,35.16684,35.19436,34.68071,35.1356
Lrp1,24.87727,25.66253,24.79476,24.44727,24.51887,24.25285,24.28609,24.54451,24.38337,24.74525,24.29593,24.81953,25.26935,25.08327,24.50306,24.64218,25.34692,24.14126,24.77841,24.2062,24.42201,24.22545,24.58658,24.60264,24.26033,24.14032,24.12629,24.09708,24.1943
Hspa5,23.31354,25.97248,24.79665,26.13061,25.82265,27.27106,27.04978,23.05861,25.38673,27.14092,23.15618,22.85986,24.96455,22.94887,23.63356,26.18452,18.67356,24.55754,24.98294,24.03179,24.08537,25.58887,23.6825,24.3345,24.33926,24.0035,25.1731,25.71025,24.26807
Hspa1l,23.31354,25.97248,24.79665,26.13061,25.82265,27.27106,27.04978,23.05861,25.38673,27.14092,23.15618,22.85986,24.96455,22.94887,23.63356,26.18452,18.67356,24.55754,24.98294,24.03179,24.08537,25.58887,23.6825,24.3345,24.33926,24.0035,25.1731,25.71025,24.26807
Psmb1,27.18386,25.78457,25.79741,26.81995,26.1419,24.04552,24.31838,24.42208,24.37994,23.70071,23.06392,24.51008,23.94494,23.73107,20.66666,24.54304,25.50355,24.81147,24.52826,24.93935,26.71227,25.35753,24.78252,25.1842,22.84946,24.43116,21.96335,24.07079,24.03011
Tns4,26.50064,27.75417,27.58355,27.64196,28.0502,27.61716,26.98783,22.97762,23.90601,24.23425,21.50543,21.69622,27.46131,28.09848,26.63603,27.11803,25.81002,26.52078,26.34745,27.94615,28.13883,27.23078,28.27418,26.4366,28.53531,28.67882,28.30313,27.86106,28.36022
Efemp1,27.71973,28.17212,28.44747,28.13648,27.83183,27.91855,28.12258,27.37724,28.20411,28.03575,26.65431,26.90173,26.86691,26.93146,26.95082,28.45971,29.52923,28.10505,27.73937,27.23891,27.04583,27.92756,27.42542,27.62024,27.33057,27.98549,27.29141,28.29294,27.84428
Psma6,27.33424,27.7179,27.88058,27.37194,27.47018,27.71973,27.87496,28.05082,27.90696,27.86426,26.06203,25.88171,25.77407,26.13649,26.25575,27.7166,27.27311,27.91906,27.61975,27.49823,27.40933,27.5285,27.56594,27.71745,26.42132,26.66628,26.59121,26.78619,27.10579
Thbs4,25.70137,29.66446,28.28039,28.7498,26.5234,27.76926,27.36261,23.81392,27.6047,27.6254,21.2083,23.63967,28.07862,27.12288,21.40834,27.61674,24.33552,26.4292,26.23772,26.81812,27.44482,28.39656,28.57376,28.09833,27.21531,29.45435,28.84607,27.9556,27.49793
Psmb5,25.01159,26.11064,25.68413,26.8381,26.2146,27.47869,27.13721,26.31662,23.47383,27.11813,22.4908,24.5099,24.15332,23.46899,24.7398,25.77359,23.49521,26.12654,25.83923,25.98166,26.96466,25.85457,26.43692,26.52613,24.41545,24.73702,24.79704,24.38667,24.3692
Ywhaz,22.58733,23.51099,23.15129,23.20413,24.10788,24.55725,23.59457,22.39171,23.71806,24.01333,21.88664,22.29914,21.4868,22.88984,21.59019,23.19101,20.4209,21.01895,22.12465,21.72071,21.2547,23.40088,21.86743,23.08156,19.80009,19.63791,23.05487,23.21234,22.37432
Hbb-bs,32.03348,31.84846,32.06278,31.88754,31.83628,33.14965,33.29351,33.35179,33.42567,33.62309,31.74101,31.32598,31.35862,31.35825,31.22395,32.6501,32.77085,32.88965,33.01815,32.90849,32.87562,33.01017,32.86502,32.99047,32.70728,32.51188,32.46663,32.49596,32.64687
Psmb8,27.14647,26.34934,27.16672,26.58549,22.94035,22.13177,22.55798,26.73092,22.01662,21.17184,19.72342,22.81728,24.8931,22.65792,24.14001,26.52076,28.07674,20.52815,22.35856,26.7145,26.52856,25.74638,25.95183,26.11474,25.71004,25.4478,25.68728,24.88213,20.86783
Psma7,28.4696,28.5423,28.36236,27.61744,27.91536,27.50431,27.47383,29.02433,28.55194,28.32436,26.06217,26.75468,26.23911,26.11351,26.88879,27.11008,29.02152,27.73253,27.58799,28.31069,28.15432,27.25746,27.81903,28.37563,24.77304,26.43479,26.51268,26.02802,26.50475
Psma1,28.54252,27.52171,28.12041,27.83689,27.91764,27.84308,28.44802,28.78525,27.69445,27.71862,22.72449,25.1195,25.13183,24.53528,24.07455,27.81507,26.08962,27.27311,27.82159,28.76291,28.28158,28.8043,28.0004,28.53934,25.40834,25.85436,25.9664,25.6923,28.50006
Spata5,22.73591,22.24841,22.6385,22.46306,22.40265,23.81939,25.12617,24.52289,24.02386,23.6699,21.57306,22.38563,21.79343,21.70147,21.3207,23.09536,23.6609,23.38653,23.41609,23.66471,24.44702,23.80223,23.60116,23.26542,23.13058,23.3377,23.5064,22.62507,22.97715
Mad2l1,23.18255,22.76486,20.52243,22.02273,21.65931,21.06139,21.94113,21.66118,22.22547,21.99393,28.34299,28.56012,27.90139,28.3382,27.72254,27.02232,27.21345,26.58892,26.70504,26.41384,27.20126,27.1041,26.74714,25.37063,26.66275,27.97449,27.78918,28.06054,26.82651
Psma5,27.19291,26.89389,27.15016,26.97509,26.75812,27.21113,27.11981,28.40406,27.87824,27.66044,26.14344,26.42166,26.27145,25.88437,26.7888,26.20583,28.14273,27.23571,26.32057,28.1784,27.70971,27.41683,27.48147,28.25223,27.44063,26.64856,26.93697,26.94592,26.86183
Psma4,25.38113,24.70978,24.89795,24.50688,24.18639,24.37657,28.12736,25.38281,24.99968,25.17851,23.87155,24.40406,23.93903,25.87526,23.41635,25.06997,25.42589,25.07243,24.64218,24.15205,24.99555,24.91027,24.33217,25.07202,24.02454,24.62834,23.54545,24.08302,23.66763
Hspa2,23.31354,25.97248,24.79665,26.13061,25.82265,27.27106,27.04978,23.05861,25.38673,27.14092,23.15618,22.85986,24.96455,22.94887,23.63356,26.18452,18.67356,24.55754,24.98294,24.03179,24.08537,25.58887,23.6825,24.3345,24.33926,24.0035,25.1731,25.71025,24.26807
Fap,22.10764,22.57957,22.55178,22.00027,21.85514,22.4084,23.58363,22.48413,23.10708,22.67284,23.79629,22.29897,22.52509,21.68169,21.50734,21.9416,22.95237,21.82334,22.17301,21.67642,22.33018,21.27458,21.28308,21.2592,21.26694,20.94592,20.77394,21.21104,20.83221
Mfap4,21.50158,21.75942,21.45363,22.45865,21.65521,22.20802,23.05437,23.02476,22.28136,24.64764,22.35222,22.40778,20.34937,23.38477,21.76631,22.18265,21.18258,21.92226,23.27725,19.25511,22.51177,18.89572,18.76014,19.35924,23.17557,22.48509,23.09157,23.65868,20.34765
Pkm,29.27782,28.3758,28.93247,28.2833,28.54499,27.8766,28.35758,28.82654,27.66363,27.87003,26.46226,26.61077,26.01129,26.97607,26.83376,28.60495,28.17016,28.14827,28.68234,27.26812,27.43086,27.79296,26.7465,27.35422,26.31365,27.33671,27.1418,26.85769,26.97989
Loxl1,24.53819,26.8629,26.96345,27.11018,20.37939,26.27249,25.48597,22.83609,24.83016,25.74512,21.12392,24.74445,24.02808,22.52718,22.95727,22.38178,18.45161,24.7684,21.79926,24.22575,24.72318,24.62729,25.99598,24.33306,24.51111,25.37348,25.51569,23.47667,24.67077
Psmb3,20.60679,23.57068,22.56428,23.89745,23.78925,22.50448,20.6183,22.63568,22.83295,22.71791,23.22372,21.73983,21.61311,21.63037,21.45924,22.22491,22.55782,22.46526,22.26939,22.57854,21.30201,20.0761,22.91314,22.81535,22.09619,22.11273,21.95308,21.97316,21.50945
Psma3,27.9034,28.1377,28.64578,28.07837,28.29505,28.10993,28.43944,28.40324,28.2135,28.26794,25.3133,24.48223,25.53234,21.92642,25.37229,27.38278,27.89035,27.16279,27.63762,27.29158,27.01988,27.96251,27.07561,28.44715,26.30419,25.60221,26.58534,27.477,26.30268
Ubtfl1,27.78044,28.77709,28.68057,28.85505,28.77011,30.2157,30.98502,29.47263,30.7071,30.64907,30.75693,29.96733,30.44678,30.12792,30.43788,29.9897,30.09522,29.9393,29.59048,30.00062,30.10475,30.18459,30.35773,22.67616,29.90211,30.30639,30.1726,29.96609,30.07022
Ces3a,25.76177,25.98724,26.12323,25.94822,26.29372,26.18139,27.11337,27.70405,26.53215,26.75022,25.26946,25.55336,25.50797,25.45617,25.7662,27.15151,25.05867,26.23285,26.11892,25.61082,25.72863,24.52415,24.56918,24.38502,25.82663,25.56424,25.71107,25.26746,25.54351
Actg2,29.07743,29.4847,29.52113,28.57246,28.44427,29.39685,30.13589,29.35792,28.97878,29.23836,27.16806,26.88122,26.49415,27.35842,26.64513,28.47178,25.35535,28.53066,28.96741,27.36077,27.41716,27.58391,26.66357,28.36824,27.62471,27.47923,27.67949,27.57672,27.4763
Actc1,29.07743,29.4847,29.52113,28.57246,28.44427,29.39685,30.13589,29.35792,28.97878,29.23836,27.16806,26.88122,26.49415,27.35842,26.64513,28.47178,25.35535,28.53066,28.96741,27.36077,27.41716,27.58391,26.66357,28.36824,27.62471,27.47923,27.67949,27.57672,27.4763
Pzp,38.28735,38.00864,37.90561,37.95139,37.93006,37.99449,38.11012,38.61541,38.16872,38.05854,37.09152,36.89859,36.9088,36.92968,37.01203,37.89001,38.64158,37.98953,38.00211,37.80622,37.7935,37.67122,37.702,37.71338,37.72986,37.54272,37.42561,37.49093,37.52773
Lifr,28.13726,28.36227,28.36632,28.51073,28.15141,27.51788,28.3554,27.44593,28.03994,28.49629,28.12918,28.61231,28.97826,28.69352,28.35506,27.88536,27.83635,27.40276,27.56158,27.91627,28.31631,27.78207,27.91508,27.87115,28.59733,28.17769,28.3699,28.61526,28.2166
Rpl13,23.49976,23.71665,22.92478,21.85847,22.58449,22.51114,22.58463,22.60169,22.37395,23.4543,22.75642,22.02341,23.86256,21.95119,23.33897,22.77704,22.42429,22.11712,22.47085,22.64467,22.34607,23.54863,22.89195,22.80339,22.11893,21.59644,22.28501,22.58953,21.85285
Psmb4,24.65802,24.11862,24.4051,24.18321,24.12195,25.85415,25.65537,26.45317,24.18473,25.07304,22.25669,21.36535,22.57801,21.95645,21.74913,23.74407,25.44259,24.95522,25.64971,22.27901,23.96693,23.38929,23.42884,23.83981,22.79444,21.58447,22.43233,22.28708,22.3388
Psmd2,21.11195,22.21933,21.80998,22.94263,21.59736,21.61473,22.77493,23.198,21.17249,22.91344,23.09394,21.0101,22.61072,23.19962,21.87418,20.37488,22.35519,21.82415,20.92088,23.0729,21.91011,22.54098,20.56082,21.14517,20.66411,22.37587,21.35,20.15126,22.57594
Psmb6,25.97708,27.98066,27.83629,27.78375,27.80144,28.13467,28.60035,26.97858,28.15841,28.40003,26.72078,26.85816,27.07357,27.0747,27.21873,28.27284,28.6568,27.99669,28.00908,27.91587,28.28074,28.37231,28.55406,28.54473,27.95316,28.08482,28.21062,28.05626,27.93624
Ric8,24.98742,25.62845,26.75735,21.46867,27.08142,25.86188,25.78309,26.03725,26.08831,26.48771,26.30848,23.71973,26.73841,26.29325,27.59427,24.82124,21.60387,24.56256,21.32789,26.75672,25.96175,25.89046,26.26839,26.48361,22.42934,26.55067,26.71358,26.65581,26.54868
Cps1,24.52461,22.27075,21.57565,22.42345,24.06336,24.73609,24.01954,24.53783,23.58636,24.01436,20.57273,21.9833,21.41559,23.49292,20.29879,21.67333,21.01206,23.21969,23.00516,24.94127,24.78586,21.5845,21.72409,21.53465,22.4893,22.79276,22.01514,23.65265,20.51867
Psmc2,21.91576,21.31746,22.25681,21.60821,21.38542,22.35427,23.35372,22.88609,22.34936,24.21171,20.3057,22.93625,22.99343,22.18869,22.56783,23.05639,22.19633,20.76409,24.24472,23.9898,24.01606,25.26033,24.43733,23.81909,23.40536,21.48703,23.68913,23.74181,21.90951
Ica,31.85938,31.85768,31.9566,31.88969,31.81,31.91389,32.03144,32.29811,31.80717,31.88533,31.02062,30.88562,30.90074,30.89041,30.89973,32.24318,32.80457,32.15536,32.32729,31.24053,31.17176,30.9262,31.10687,31.02736,30.77533,30.91577,30.86754,30.67354,30.83259
Qsox1,27.78967,27.35674,27.02295,27.74233,27.26284,26.47819,27.86862,27.96317,27.04541,25.73653,27.03444,25.98687,26.30786,27.09154,26.51706,28.00292,28.1277,27.15615,27.40088,26.12436,27.08406,26.19387,26.52753,26.54461,26.11221,25.76175,25.53792,26.1852,25.5407
Lap3,26.94503,27.07674,27.06445,27.23462,26.64842,27.01574,26.38819,23.76931,25.51623,26.02587,21.81635,25.79679,25.87558,25.81902,25.48656,26.74881,25.83937,26.18278,25.77633,25.47352,25.88521,25.95382,25.32261,25.17455,25.25296,25.65119,25.0357,26.1865,25.0398
Pltp,23.9419,25.6413,24.46886,25.46911,25.50664,26.29139,26.55814,25.83067,26.58463,26.12637,24.81744,24.11074,25.83497,25.33487,25.09208,25.82192,18.499,25.74745,25.8794,24.82163,25.32444,24.95695,25.45826,25.5979,25.87961,25.93321,25.60772,25.1343,25.38275
Rpl7,21.78692,19.86979,23.6871,22.76606,23.32237,23.87418,24.21948,21.97274,22.11752,23.82338,22.34755,22.9801,22.50452,23.93373,23.86127,23.94485,24.40886,23.72827,24.30236,24.20344,21.63092,25.79491,24.73733,22.39953,24.02657,23.74016,23.80963,23.53267,23.9693
Il1rap,25.91098,25.51189,25.29971,25.80747,25.41209,25.93245,25.93022,26.92411,26.18147,26.15569,25.85709,25.05466,25.31105,25.82508,25.11211,25.49689,26.2301,25.98659,25.96853,25.62213,25.676,26.0599,26.14802,25.67896,25.79449,25.46264,25.62308,25.42557,26.20242
Amy2a2,26.34398,26.18507,26.32565,25.99936,26.02848,25.71971,26.35991,25.97233,24.5756,26.16141,24.6053,24.37358,24.18306,23.98029,23.66014,26.56043,24.05871,26.80058,26.98109,25.40106,24.55988,24.82172,25.33402,24.9157,24.69609,25.05668,24.54197,24.8042,25.46051
Psma2,24.31672,22.65938,22.56767,23.48468,23.47457,22.37215,23.09468,22.49483,22.12788,24.62773,23.45839,23.02142,22.38905,23.40691,22.92074,22.38408,21.60094,21.68915,22.14495,24.26564,25.36456,24.39624,23.83615,23.92796,23.95863,23.23291,23.78915,24.27277,23.38588
Katnal2,22.73591,22.24841,22.6385,22.46306,22.40265,23.81939,25.12617,24.52289,24.02386,23.6699,21.57306,22.38563,21.79343,21.70147,21.3207,23.09536,23.6609,23.38653,23.41609,23.66471,24.44702,23.80223,23.60116,23.26542,23.13058,23.3377,23.5064,22.62507,22.97715
Mug1,36.10875,36.16367,36.20485,36.18833,36.01403,36.05902,36.03989,36.05365,36.07471,36.16148,35.39484,35.34919,35.36633,35.28664,35.39723,36.29575,36.77203,36.36243,36.41771,35.78217,35.84013,35.76762,35.68607,35.7501,35.58511,35.42483,35.37419,35.34497,35.39997
Amy1,26.34398,26.18507,26.32565,25.99936,26.02848,25.71971,26.35991,25.97233,24.5756,26.16141,24.6053,24.37358,24.18306,23.98029,23.66014,26.56043,24.05871,26.80058,26.98109,25.40106,24.55988,24.82172,25.33402,24.9157,24.69609,25.05668,24.54197,24.8042,25.46051
Bpifa2,22.39556,19.88823,22.04291,22.70373,23.06102,21.61149,21.89865,23.30849,21.91969,21.93889,24.48112,25.17756,24.16928,25.07357,25.64323,23.10509,23.2939,23.35944,22.94473,21.22541,22.39079,21.64044,23.75125,21.43854,21.73944,23.2613,22.94031,20.41007,23.36227
Colec11,26.23996,26.23411,25.85583,26.36331,26.19719,25.90104,25.80651,26.18357,26.37416,26.39062,25.03103,25.90392,21.74199,26.12843,20.23665,24.92687,25.25306,25.0646,24.66275,25.65706,24.99187,26.28516,26.04124,26.42964,27.18612,26.58663,26.49598,27.06157,26.15638
Angptl6,24.44462,24.9208,24.7896,24.60433,25.33163,24.69832,26.40137,26.28129,24.738,25.47125,25.32742,25.5513,26.05418,25.58749,26.08792,24.38535,23.51797,23.44935,24.42381,25.86337,24.26499,26.97607,26.44069,26.27452,27.3794,27.68639,26.22398,28.36936,27.01977
Cpn1,29.2902,28.83545,29.13261,28.76091,28.80203,28.87256,29.11476,29.77596,29.06618,29.12647,27.76218,27.78793,27.59498,27.21058,27.41329,28.88201,29.49579,29.03263,29.38255,28.50971,28.43456,28.376,28.76778,28.63215,28.30665,28.27857,28.13173,28.03931,28.0577
Ces1c,31.80605,31.49734,31.61263,31.22136,31.02598,31.91574,32.01215,32.28923,32.05342,32.14328,31.39698,31.571,31.40588,31.4863,31.57488,31.48025,32.73584,32.05417,32.11247,31.58857,31.81715,31.65902,31.65421,31.67733,31.82983,31.41649,31.5454,31.54527,31.47784
Cpn2,31.18341,30.86938,30.80901,30.75875,30.80062,30.33522,30.5229,31.03065,30.40852,30.40111,29.5132,29.46439,29.65852,29.55972,29.73114,30.89106,31.50843,30.58495,30.95387,29.9698,29.78826,29.96733,30.01412,29.89732,29.82394,29.38224,29.51786,29.65881,29.63012
Mup19,29.22706,28.81791,29.01752,28.60671,28.76243,27.99631,28.17836,28.95399,28.26557,28.15277,28.71394,28.51766,28.40215,28.09854,28.99868,27.64794,28.35997,27.50196,27.91336,26.44637,26.98696,26.09033,26.22428,26.7166,28.07465,27.87941,28.17126,27.81103,28.16768
Mup18,29.22706,28.81791,29.01752,28.60671,28.76243,27.99631,28.17836,28.95399,28.26557,28.15277,28.71394,28.51766,28.40215,28.09854,28.99868,27.64794,28.35997,27.50196,27.91336,26.44637,26.98696,26.09033,26.22428,26.7166,28.07465,27.87941,28.17126,27.81103,28.16768
Mup17,25.50984,26.77869,27.54281,25.25198,26.57816,25.68667,25.34875,24.71811,25.50715,24.37195,26.49325,27.31812,27.4342,28.56231,27.50544,22.75022,26.1755,20.27513,25.4841,23.27918,25.72591,25.48827,25.34293,25.5106,26.99075,28.20499,27.37807,27.69909,27.89499
H2-Q10,31.02538,30.60072,30.84954,30.49762,30.38751,31.54632,31.30443,31.91396,31.58714,31.51018,30.80432,30.53027,30.74511,30.58951,30.40243,30.76406,31.71763,30.68102,30.81245,30.73473,30.76722,30.96485,30.46246,30.68854,30.48424,30.44312,30.34604,30.82926,30.64324
Mup12,29.22706,28.81791,29.01752,28.60671,28.76243,27.99631,28.17836,28.95399,28.26557,28.15277,28.71394,28.51766,28.40215,28.09854,28.99868,27.64794,28.35997,27.50196,27.91336,26.44637,26.98696,26.09033,26.22428,26.7166,28.07465,27.87941,28.17126,27.81103,28.16768
Emilin1,22.30167,24.80302,24.48302,24.1149,24.79045,24.97614,24.90284,21.50253,24.18177,24.88413,23.48001,24.19841,24.02943,21.62717,23.89291,24.18192,24.92112,24.07936,24.14872,24.65905,24.55233,25.25911,24.11934,25.20423,24.78786,24.3181,24.55028,25.30456,25.12171
Hba-a2,33.41072,32.86679,32.79543,32.82943,32.93859,34.64919,34.67677,35.09753,34.6358,34.56138,33.38046,33.20462,33.11107,32.9029,32.98544,34.48783,35.23866,34.1227,34.34929,34.61511,34.39643,34.83653,34.7486,34.96254,33.98685,34.27628,33.87179,34.09938,34.00169
Tcn2,22.03066,21.66154,21.46976,23.60162,20.78213,21.46064,21.94669,22.75937,21.52535,21.2854,20.76943,21.30773,21.59819,21.01842,20.75849,21.59641,21.55586,20.97173,23.08544,20.58674,20.77563,20.92071,20.64438,20.85871,20.92005,20.81894,21.14457,21.09223,20.17974
Man2b1,24.50215,24.66747,25.22129,23.66036,24.91871,24.90545,24.02284,26.20628,23.80823,25.11104,24.30612,23.4706,22.92673,22.96932,23.23547,25.72783,25.28122,25.91614,25.71929,23.74632,24.10478,23.69147,24.04368,24.02766,23.76668,24.3579,23.51027,23.69965,23.45337
Cir1,23.79937,23.78267,24.07292,23.32031,23.58909,23.70314,24.16116,24.69232,23.84153,24.05209,22.46869,23.74781,20.73505,23.05601,22.44888,23.31672,24.05672,21.78644,24.22825,21.09075,22.191,21.72138,23.92098,24.4851,23.25965,22.47267,21.56291,22.07957,22.46641
