name,r1_1_1,r1_1_2,r1_1_3,r1_1_4,r1_1_5,r1_2_1,r1_2_2,r1_2_3,r1_2_4,r1_2_5,FC_r1_2,r2_1_1,r2_1_2,r2_1_3,r2_1_4,r2_1_5,r2_2_1,r2_2_2,r2_2_3,r2_2_4,r2_2_5,FC_r2_2
Gapdh,-0.225294158,-0.238049305,-0.191566387,-0.205942099,-0.220926919,0.0853307,0.058910912,0.125844842,0.114737478,0.025261833,2.178746028,-0.668846132,-0.387207735,-0.201301144,-0.549000776,-0.543169619,-0.253179633,-0.179072898,-0.408189221,-0.076603782,-0.302641275,0.88067364
Mfap4,-0.531245656,-0.506445981,-0.541407683,-0.411302272,-0.496205588,-0.45752073,-0.375545225,-0.364479982,-0.451617961,-0.16626088,0.959392534,-0.520735673,-0.497248014,-0.464782329,-0.518345098,-0.478111501,-0.246649006,-0.246729064,-0.188470955,-0.156405018,-0.157796719,1.159595906
Reln,-0.107157698,0.00599934,0.067455747,-0.075859925,-0.046096694,0.051880709,0.012123309,-0.475678793,-0.046651673,-0.006795938,-0.462025253,-0.520349873,0.145291527,0.043558502,-0.165662321,-0.415524403,-0.339589123,-0.423594757,-0.443081354,-0.129674596,-0.356471794,-0.620767834
Amy1,0.064424756,0.041539491,0.061440897,0.029110095,0.046997289,-0.02371469,0.030926148,-0.005335224,-0.168925106,0.019613536,-0.570773867,-0.493373124,-0.502584227,-0.518334662,-0.434169003,-0.258624231,-0.516167137,-0.410735455,-0.430375144,-0.225096438,-0.130951927,0.376585067
Amy2,0.064424756,0.041539491,0.061440897,0.029110095,0.046997289,-0.02371469,0.030926148,-0.005335224,-0.168925106,0.019613536,-0.570773867,-0.493373124,-0.502584227,-0.518334662,-0.434169003,-0.258624231,-0.516167137,-0.410735455,-0.430375144,-0.225096438,-0.130951927,0.376585067
C1sb,-0.454881408,-0.660758313,-0.599425434,-0.500615912,-0.499989018,-0.08533615,-0.518609613,-0.196924502,-0.314918104,-0.739095238,1.232121055,-0.473782547,-0.33686183,-0.338244688,-0.21029076,-0.166459976,-0.162348389,-0.228080047,-0.144899414,-0.000959642,-0.495887404,0.379706121
Lcat,-0.145772207,-0.073674094,-0.623050517,-0.416420729,-0.481158816,-0.537056799,0.001128855,-0.081480634,0.015449228,-0.445461131,0.997236965,-0.45096805,-0.253589495,-0.400217652,-0.437730402,-0.2909074,0.030435479,-0.11250147,0.29117824,0.241170648,0.028322036,1.820510782
C2,0.267587927,0.18732184,0.268143364,0.195308793,0.200428655,0.039310094,0.02995963,0.049264448,0.030012425,0.033158399,-1.363820018,-0.420368194,0.043812927,0.11588124,0.012025658,-0.013309943,-0.453391032,-0.323530969,-0.255387359,-0.133813523,-0.444067294,-1.069199512
Saa1,-0.676701718,-0.509054875,-0.483702987,-0.424755789,-0.54007027,-0.418222734,-0.525677739,-0.27939607,-0.46129924,-0.426906474,0.741575966,-0.406764201,-0.434000244,-0.415693505,-0.279189338,-0.369720871,-0.312834074,-0.999815085,-0.229889493,-0.059167474,-0.179840141,0.087783286
Saa2,-0.165161264,-0.328935908,-0.323406801,-0.333882358,-0.340061481,-0.201555043,-0.476275864,-0.436034296,-0.51765939,-0.296057526,-0.660464953,-0.406764201,-0.434000244,-0.415693505,-0.279189338,-0.369720871,-0.312834074,-0.999815085,-0.229889493,-0.059167474,-0.179840141,0.087783286
Psmb3,-0.641315028,-0.282175158,-0.403979311,-0.232336665,-0.231136962,-0.420898437,-0.675100735,-0.411887182,-0.383651858,-0.403210639,-0.75580131,-0.395055128,-0.288384395,-0.254973056,-0.294927642,-0.128812027,-0.026648961,-0.218489505,0.02358363,-0.139384178,-0.22252247,0.608386484
Vcp,-0.19026174,-0.284948734,-0.061890131,-0.09360598,-0.152614028,0.159557365,0.200268521,0.297413875,0.228853845,0.218382033,2.765159707,-0.386069775,-0.01843025,-0.084157857,-0.398025108,0.071026988,0.292215844,0.30788376,0.017515746,-0.002384102,0.072596792,1.185518636
Pf4,-0.059594109,-0.057380576,-0.14264206,-0.191437526,-0.198078531,0.297867482,0.287897057,0.356990889,0.027538197,0.265837554,2.761354697,-0.379120518,-0.424378908,-0.369664953,-0.291424447,-0.469043821,-0.599690356,-0.611967161,-0.210342774,-0.194911458,-0.556049082,-0.20097451
Pigr,0.076577053,-0.004673973,-0.037140279,0.024650881,-0.028575663,-0.049695937,-0.102860401,-0.119453426,-0.075701671,-0.08545339,-0.682376691,-0.355281279,-0.44005717,-0.367464924,-0.302978077,-0.420417995,-0.113812914,0.05698073,-0.510766774,-0.174186539,0.087211701,0.962485624
Mup17,-0.038183975,0.115041719,0.212048485,-0.06385301,0.115272918,-0.027796187,-0.093412869,-0.158154848,-0.054140895,-0.200112599,-1.280766502,-0.33547407,-0.126100374,-0.169015754,-0.386995321,-0.421505729,0.097867523,0.086901331,-0.142967849,0.077495868,0.34916826,1.503323085
Psmb4,-0.142967547,-0.214329043,-0.176201978,-0.196792315,-0.189812371,-0.00710705,-0.055708817,0.053252414,-0.217087529,-0.114026408,0.841381271,-0.328595401,-0.377980406,-0.400259139,-0.275920176,-0.359556979,0.022817219,-0.292400794,-0.075045346,-0.107117017,-0.306505499,0.768513607
Aldoa,-0.288910734,-0.218495597,-0.219707867,-0.232279448,-0.207035298,-0.173134039,-0.19180837,-0.164311643,-0.187147893,-0.022107735,0.616005198,-0.315856718,-0.390685268,-0.192299695,0.146017684,-0.065536919,0.231213028,0.166476288,0.102183296,-0.212299315,0.09927415,0.947646271
Prdx2,0.02153191,-0.050832956,-0.116985217,0.092444616,-0.601341709,0.069455605,0.072226977,0.014955516,0.192495757,0.057890574,1.548907595,-0.312070529,0.157117828,-0.00897374,-0.288052214,0.107354637,0.194314381,0.105421876,0.423439318,0.232691721,0.162125608,1.157764773
Lrp1,-0.115997297,-0.023161588,-0.127986663,-0.163947125,-0.140511027,-0.204918819,-0.224084671,-0.179307027,-0.192611402,-0.154275438,-0.569880799,-0.31034356,-0.345110262,-0.072934416,-0.488524899,-0.373788367,-0.187112864,-0.221447992,-0.245786095,-0.074186076,-0.225814529,0.494944179
Saa4,0.070206292,0.029345664,0.007920982,0.069322627,0.057417247,0.027291667,0.114282821,0.185741089,0.083090034,0.087463094,0.391511368,-0.274116144,-0.357522679,-0.32894673,-0.205012323,-0.126431851,-0.029812875,-0.018812793,-0.322856154,0.339400226,0.349294739,1.264232514
Apoc4,-0.136006332,-0.160786653,-0.107430254,-0.315676078,-0.21956558,-0.162423816,-0.13097182,-0.063569514,-0.106406494,-0.153032813,0.463036188,-0.261042778,-0.434728299,-0.098304907,-0.057975172,0.171911284,-0.13467712,-0.514659457,-0.198175717,-0.267985272,-0.363702759,-0.638586723
Apom,-0.160630754,-0.283918549,-0.307020325,-0.194461334,-0.21430157,-0.151704945,-0.215098264,-0.060992506,-0.106741649,-0.19206132,0.624322457,-0.247012823,-0.487629126,-0.367488108,-0.250470179,-0.539453397,-0.328968706,-0.373535593,-0.191072852,-0.251473168,-0.060375635,0.532931354
Apoc2,-0.00113417,-0.051892859,-0.083259491,-7.69214E-05,-0.050851444,0.106497906,0.078322436,0.187389643,0.114218728,0.151750542,1.210788458,-0.226250244,-0.197852313,-0.198522738,-0.157373004,-0.083709829,-0.086049902,-0.064429983,0.047226952,-0.324999998,-0.268192104,0.127196163
Psmb5,-0.099474405,0.032323543,-0.017938789,0.133437044,0.070115213,0.193575603,0.126508171,0.036614568,-0.304683574,0.137088299,0.107416527,-0.226003186,-0.379457317,0.057683589,-0.238853494,-0.343428719,-0.483716802,-0.33835492,-0.314760428,-0.220183505,-0.213413598,-0.355078495
Serpina6,-0.531452315,-0.499398127,-0.421636565,-0.419154718,-0.416602028,-0.4188231,-0.300041207,-0.027724124,-0.200678519,-0.334565407,1.456627515,-0.210483584,-0.285497872,-0.316033307,-0.45726656,-0.248652933,-0.381482914,-0.079704797,0.061877966,-0.155632224,-0.316820134,0.502748728
Psmb1,0.167739572,-0.008050554,-0.003921875,0.13117945,0.061085162,-0.230530705,-0.220114076,-0.194224431,-0.193034042,-0.282533537,-2.152583051,-0.210330238,0.016031825,-0.061268041,0.021960469,0.12899909,0.21953757,0.145380246,0.338830739,-0.236647159,0.096807215,0.529434511
Proz,0.097017857,-0.05772232,-0.117718976,-0.075203171,-0.265610143,0.136176466,-0.090261232,0.090083525,-0.082823702,-0.013491626,0.667088685,-0.179998129,-0.19715852,-0.195588146,-0.437263552,-0.27913371,-0.290637185,-0.097647219,-0.437928106,0.158846325,0.134248509,0.590678515
C1sa,0.150054223,0.147835535,0.16349908,0.157871297,0.190541557,-0.140143587,-0.102689477,-0.303465204,0.099059154,-0.068280111,-1.939616112,-0.16407082,-0.045149248,0.184268818,0.005562513,0.142587285,-0.098592086,-0.06376702,0.101049629,-0.073494438,0.171032114,-0.067524563
F10,0.083791671,0.123762385,0.139977936,0.128969123,0.1042965,0.128847313,0.123527458,0.170668943,0.095576998,0.076851663,0.029113411,-0.158292349,-0.26356568,-0.256763096,-0.2269567,-0.132995805,0.126789388,0.061173032,-0.015305219,-0.266632277,-0.419959258,0.408178095
Tcn2,-0.466162783,-0.518565515,-0.539411807,-0.269133576,-0.604650657,-0.549846065,-0.511752989,-0.396816254,-0.544772393,-0.579107214,-0.295579035,-0.119086854,-0.131326461,-0.218919676,-0.157240831,0.117816506,-0.210857307,0.145124514,-0.170639177,-0.158506581,-0.108549546,-0.00067337
Serping1,-0.03165945,-0.048206727,0.00563185,-0.192326881,-0.032000127,0.000817527,0.020028839,0.100651086,0.046772607,0.045977578,0.749568473,-0.118329859,-0.007845924,-0.084397017,0.014601215,0.141402648,0.184810569,0.253362018,0.344051381,-0.123225766,0.230485512,0.747433102
Orm1,-0.30958403,-0.42479266,-0.368265134,-0.462642316,-0.340414237,-0.383413891,-0.28791669,-0.473592818,-0.283126494,-0.771580315,-0.456439518,-0.080562897,-0.211414933,-0.35723595,-0.257497181,-0.036271062,0.490937633,-0.026305366,0.417606111,0.492372178,0.636415732,2.333964432
Psma4,-0.054016772,-0.141131413,-0.115218254,-0.156532516,-0.181808293,-0.189635441,0.248263657,-0.077164907,-0.116670597,-0.101075844,0.597680165,-0.074201467,-0.09625747,-0.132074065,-0.151791417,-0.113209464,-0.243409042,-0.387330557,-0.224221161,-0.289132927,-0.425627911,-0.796583421
Serpina10,0.143532159,0.043220971,0.089620736,0.033175008,0.032330599,0.002937336,-0.029311553,0.135739822,-0.007569224,0.034606082,-0.297204599,-0.064732951,-0.036029597,-0.07105042,-0.001773702,0.229192953,0.170432325,0.035500485,-0.002956439,-0.118469088,0.130345739,0.125776197
Azgp1,0.385809265,0.278353313,0.38967897,0.199714521,0.276348153,0.199314899,0.243399094,0.28956588,0.24972583,0.245560166,-0.427265965,-0.057522032,-0.079518328,-0.023384354,0.040228251,0.127845946,0.331659141,0.223875313,0.240281192,0.233895729,0.307665194,1.052142317
Serpinf1,0.135340829,0.086493702,-0.046348778,-0.043571982,0.055770226,0.234364629,-0.033550216,-0.010500206,-0.002490156,0.115531449,0.168865016,-0.050941536,-0.042032684,-0.124419722,0.003376199,0.006652034,-0.249555799,0.19364444,-0.11537956,0.03408134,-0.466350423,-0.317414518
Krt10,-3.174955039,-3.199466481,-3.194775671,-3.203584922,-3.184752226,-3.199686225,-3.209235555,-3.168698506,-3.195861952,-3.191493869,-0.193054834,-0.010755112,0.06233978,0.02337266,0.062470927,0.00373526,-0.008304055,-0.447280838,-0.287826825,-0.190598107,0.050576256,-0.809256012
Serpina1c,-0.669346866,-0.433292926,-0.444129456,-0.62889823,-0.489360387,-0.688649075,-0.103755599,0.17860101,0.132111289,-0.755711055,2.073154724,0.001853348,0.039877761,0.005721183,0.044563287,0.149517047,0.696171942,0.301631061,0.824719913,0.871263923,0.909503617,2.664205289
Hspa1a,-0.308353916,0.015216526,-0.127752801,0.045435669,0.021431192,0.167926657,0.115757192,-0.36035555,-0.068978869,0.139886662,0.505373022,0.00351338,0.044268115,0.02862442,-0.155425572,-0.396843966,-0.199259106,-0.151617501,-0.259414161,-0.149822948,-0.200899439,-0.385272595
Hspa1b,-0.308353916,0.015216526,-0.127752801,0.045435669,0.021431192,0.167926657,0.115757192,-0.36035555,-0.068978869,0.139886662,0.505373022,0.00351338,0.044268115,0.02862442,-0.155425572,-0.396843966,-0.199259106,-0.151617501,-0.259414161,-0.149822948,-0.200899439,-0.385272595
Hspa1l,-0.308353916,0.015216526,-0.127752801,0.045435669,0.021431192,0.167926657,0.115757192,-0.36035555,-0.068978869,0.139886662,0.505373022,0.00351338,0.044268115,0.02862442,-0.155425572,-0.396843966,-0.199259106,-0.151617501,-0.259414161,-0.149822948,-0.200899439,-0.385272595
Hspa2,-0.308353916,0.015216526,-0.127752801,0.045435669,0.021431192,0.167926657,0.115757192,-0.36035555,-0.068978869,0.139886662,0.505373022,0.00351338,0.044268115,0.02862442,-0.155425572,-0.396843966,-0.199259106,-0.151617501,-0.259414161,-0.149822948,-0.200899439,-0.385272595
Hspa5,-0.308353916,0.015216526,-0.127752801,0.045435669,0.021431192,0.167926657,0.115757192,-0.36035555,-0.068978869,0.139886662,0.505373022,0.00351338,0.044268115,0.02862442,-0.155425572,-0.396843966,-0.199259106,-0.151617501,-0.259414161,-0.149822948,-0.200899439,-0.385272595
Hspa8,-0.308353916,0.015216526,-0.127752801,0.045435669,0.021431192,0.167926657,0.115757192,-0.36035555,-0.068978869,0.139886662,0.505373022,0.00351338,0.044268115,0.02862442,-0.155425572,-0.396843966,-0.199259106,-0.151617501,-0.259414161,-0.149822948,-0.200899439,-0.385272595
Apcs,0.000856154,-0.013278248,-0.000501788,0.000736559,0.026551119,-0.228953202,-0.062441244,0.003815287,-0.141718457,-0.144562823,-0.861076883,0.017718587,0.070529478,-0.091426614,0.012711988,0.193205675,-0.221507902,0.011542915,-0.033431847,-0.226797068,0.306781048,-0.288361171
Serpina3n,-0.035931636,-0.115572419,-0.100393338,-0.056316503,-0.066305624,-0.114939356,-0.206936964,-0.048588751,-0.082823702,-0.14046044,-0.325611377,0.0408057,0.069709652,0.019653477,0.131921238,0.247021857,0.444695724,0.080051116,0.632976249,0.59661816,0.490276275,1.377544774
Cfd,-0.15756162,-0.101922465,0.009728778,-0.113562361,-0.052618949,-0.059971328,-0.095307786,-0.036884382,-0.002629393,-0.016594506,0.296294086,0.044560246,0.142129689,0.085614068,0.205169404,0.292366312,0.289179887,0.351032109,0.352014725,0.368902046,0.57115877,0.924565383
Psma5,0.168852826,0.129305822,0.163463197,0.15047659,0.137625709,0.160523385,0.12436855,0.290957342,0.238021303,0.203678041,0.402957071,0.066840466,0.183593326,0.109476387,0.167212676,-0.365097396,0.387961354,0.111277039,0.209920114,-0.318328294,0.26531171,0.39579141
Thbs1,0.016083736,0.047565827,0.061820769,0.019888167,0.071276574,0.46561033,0.444807496,0.426685859,0.452145516,0.53464371,3.096639471,0.071072089,0.218367424,0.02868543,0.147392769,-0.536358564,0.376856874,0.314047983,0.324620195,0.344377356,0.269044637,1.347859376
Thbs1,0.016083736,0.047565827,0.061820769,0.019888167,0.071276574,0.46561033,0.444807496,0.426685859,0.452145516,0.53464371,3.096639471,0.071072089,0.218367424,0.02868543,0.147392769,-0.536358564,0.376856874,0.314047983,0.324620195,0.344377356,0.269044637,1.347859376
Mmrn1,-0.438835801,0.161861903,0.039517196,-0.021353031,0.134664548,0.207616248,0.163350226,-0.370440607,0.025704705,0.176687775,0.477152075,0.084949914,0.079521873,0.094958394,-0.530457734,-0.317688912,-0.043200056,-0.41955759,-0.039469643,-0.042999372,-0.183176769,-0.110158896
Angptl6,-0.16921818,-0.115002846,-0.128625146,-0.144411166,-0.039558291,-0.149889025,0.036024348,0.032309807,-0.148914419,-0.065130571,0.438272045,0.103733598,0.20009998,0.095540432,-0.480776401,0.158304919,-0.074804187,-0.513082648,-0.13565558,-0.342418136,-0.545612787,-1.333854236
Il1rap,0.011160819,-0.041813883,-0.065505723,0.005241795,-0.029564373,0.002565505,-0.021911417,0.110633793,0.028947817,0.018911183,0.380998424,0.109504768,-0.05876326,0.084557371,0.088066436,0.183257391,0.085636781,-0.017439599,-0.268755476,-0.452330464,-0.054851529,-0.880572684
F5,0.118376327,0.061516664,0.075263545,0.054984731,0.090344016,-0.176994413,-0.659155642,-0.490397591,0.024802746,-0.081187698,-2.618712204,0.111421595,0.0571296,0.038819228,0.088047034,0.13408043,0.179373611,0.107803452,0.007280255,-0.228678179,0.043996957,-0.250557588
Colec11,0.05162911,0.04761164,0.003306834,0.074380135,0.06795272,-0.001314635,-0.037123628,0.020403177,0.052690793,0.04775802,-0.235362801,0.114057688,-0.01892704,0.179095151,0.030067896,0.035389771,0.129521146,-0.003495559,0.199186387,0.152255776,0.095643611,0.187401727
Lap3,0.138360759,0.15194637,0.152857708,0.182758313,0.123999897,0.13638647,0.034403647,-0.273760769,-0.053022071,0.002970705,-1.321373129,0.117275522,0.165098287,0.371969207,0.113945692,-0.024253903,0.168189459,0.204531821,-0.058406205,-0.188303952,-0.439538153,-0.832736593
Pltp,-0.231058472,-0.025790293,-0.168312514,-0.036845224,-0.017820339,0.046906076,0.055301839,-0.022595695,0.078624595,0.015311007,0.955013795,0.123469002,0.182752698,0.06133322,-0.167650981,-0.07179684,0.025259263,0.177916339,-0.284019054,-0.060430834,-0.107589513,-0.297405919
Pon1,0.225735758,0.155679553,0.150772742,0.207415216,0.211248568,0.340689845,0.32253309,0.381944612,0.254557228,0.299670855,0.963940866,0.124654392,0.150967907,0.175540695,0.295054408,0.402031213,-0.234292721,0.419431231,-0.089576013,-0.042086071,-0.299478104,-1.100319219
Apob,-0.0840906,-0.136231842,-0.167843551,-0.132957765,-0.105663975,-0.118756494,-0.119754797,-0.203538214,-0.073255784,-0.043804565,0.090738709,0.126148909,0.262847289,0.230588999,0.201673485,0.224088598,0.287623884,0.133814147,-0.41215585,0.202854378,0.23013619,-0.472390563
Masp1,0.129228393,0.036519814,-0.025197195,0.105527464,0.057054555,0.011638929,-0.007354618,0.125668168,0.053393138,0.046030377,-0.103847268,0.040579332,0.135432808,-0.102824544,0.148133667,0.357948917,-0.144512896,0.215712505,-0.414975574,0.052091792,-0.550614114,-1.126490563
Tfrc,0.318166525,0.179955769,0.276874239,0.129994058,0.251752133,0.262169209,0.232487029,0.363925051,0.294439366,0.335140935,0.499637541,0.140739915,0.12850344,0.124853403,0.209563857,0.113996113,0.129501832,0.10806282,0.37645715,-0.159533742,0.01076439,-0.194526817
Cpb2,-0.170952641,-0.255345768,-0.051607596,-0.205448289,-0.057064417,-0.27227834,-0.243861407,-0.094572809,-0.286455858,-0.309952337,-0.691419229,0.147025889,0.140049532,0.076443012,0.206813686,0.150856728,0.167770582,0.11232057,0.071008674,0.191881435,0.063103665,-0.087537943
Psma6,0.186238027,0.231335017,0.253843092,0.199838906,0.22607052,0.223351753,0.21722686,0.247917043,0.241560139,0.22870491,0.103171297,0.170692309,0.440200208,0.315866647,0.373587074,0.14959578,0.183195416,0.120707598,0.059682841,0.235959742,0.084324374,-0.597346537
Crp,0.202252881,0.121007383,0.151080846,0.119426281,0.143770366,0.104782047,0.079798037,0.103089191,0.035298499,0.072685429,-0.494056623,0.180270358,0.202927769,0.140841742,0.186571795,0.173173443,0.12375826,-0.001921173,0.288584767,0.203457593,0.189043879,-0.057923303
Afm,0.399641897,0.345072663,0.380840445,0.396891384,0.383885248,0.481489132,0.497294606,0.46722713,0.509699654,0.481193626,0.800494996,0.194753048,0.150807612,0.23328321,0.198945141,0.296920744,0.362047682,0.345757493,0.510179239,0.325890873,0.375455342,0.67529218
Serpina3m,0.26567387,-0.260362968,-0.260594246,0.484334268,-0.456921763,-0.01228304,-0.00457557,0.063721281,0.129649383,0.018405292,0.617435911,0.201373707,0.278186607,0.167872931,0.271725244,0.289363537,0.648506815,0.403383162,0.469592297,0.278076993,0.271171887,0.689981408
Loxl1,-0.157708003,0.125468629,0.140360283,0.167279803,-0.654674902,0.044571321,-0.076539377,-0.387468356,-0.1375586,-0.031502327,-0.316511105,0.20180697,0.293008334,0.214075972,0.111023332,-0.076965394,0.036812799,-0.013733308,-0.334090523,-0.22855584,0.047859977,-0.971637868
Apoc3,0.326006042,0.1652682,0.274400739,0.289152546,0.321594047,0.274634821,0.252578559,0.50502934,0.471060791,0.394502084,0.783297575,0.209536346,0.126036619,0.200414563,0.213436894,0.279445535,0.672779985,0.255972662,0.812473427,0.76126196,0.81712361,1.820944899
Psmb6,0.019291873,0.263870049,0.248362786,0.251062027,0.26721625,0.274610115,0.306425681,0.117270655,0.272543435,0.294491612,0.328861297,0.211849925,0.29093919,0.274316245,0.2366739,-0.336488055,0.004329871,-0.0580173,0.158808849,-0.000424258,-0.229900391,-0.628770318
Qsox1,0.24226111,0.186616064,0.147722627,0.245909987,0.200316866,0.069981851,0.216447251,0.237237386,0.135401224,-0.032557085,-0.568794684,0.217747666,0.25730673,0.254686816,0.23844308,0.180017204,-0.327557559,-0.298191722,0.249780161,0.232397381,0.180495127,-0.871396937
B2m,0.551926322,0.433723071,0.259880215,0.460242074,0.488220216,0.49812642,0.535978703,0.625595545,0.461871154,0.533493176,0.703273273,0.219053542,0.531696503,0.175345463,0.539774777,0.665773992,-0.131555456,0.155657991,-0.389470487,0.139088003,0.111676286,-1.7686313
Serpind1,0.262289826,0.210912091,0.233292871,0.222738245,0.231491035,0.152042914,0.172967453,0.288750741,0.185712577,0.194069796,-0.231021949,0.236238045,0.179199301,0.179673528,0.173056183,0.143566003,0.125704169,0.082778112,-0.076807223,0.051736888,-0.283233427,-0.796383574
Thbs4,-0.014623601,0.472358731,0.303314337,0.371224472,0.108471191,0.229470292,0.154224867,-0.268325293,0.204316109,0.199375512,-1.048871935,0.236572729,0.208372884,0.488951427,-0.062462996,-0.135717562,-0.434387029,-0.324744179,-0.125356305,-0.162385084,-0.450338226,-1.76105146
Apoc1,0.398110405,0.367227836,0.387147314,0.402369313,0.401545394,0.459212609,0.474112922,0.496539226,0.449687306,0.495616431,0.637842965,0.241010031,0.453547471,0.251116498,0.475424651,0.472198532,0.270315911,0.260676428,0.174201198,0.296816633,0.429990527,-0.354388115
Ca2,0.02940341,0.034263808,0.061239206,0.027256754,-0.236125227,0.107644283,0.467995328,-0.222703112,0.459677864,-0.401098666,0.718917298,0.244162146,0.206897197,0.131532802,0.300318293,0.204099972,0.409685044,0.445532825,0.362827881,0.334236559,0.30022825,0.611958867
Apoa4,0.572395419,0.578698112,0.60560231,0.533481398,0.561988401,0.589321438,0.593235691,0.683268133,0.626603224,0.615864998,0.409367314,0.257397378,0.350702086,0.29469854,0.530592988,0.579617711,0.582510061,0.543583483,0.782647892,0.772931386,0.736867485,1.124044187
F12,0.302215637,0.261329255,0.346525732,0.268161278,0.298565555,0.255017942,0.280853524,0.349369525,0.312810015,0.303647993,0.054092252,0.26497219,0.124182833,0.202218025,0.533289805,0.437988209,0.5958055,0.507618647,0.793394857,0.63289222,0.611092297,1.257560112
Mup1,0.419076468,0.367538625,0.394524507,0.353426175,0.386580601,0.257518229,0.254534959,0.357963207,0.285747532,0.264130786,-0.713493344,0.272360796,0.354927251,0.295879698,0.478764145,0.442405766,0.437816233,0.400927653,0.412065347,0.512384868,0.684004228,0.487995434
Mup6,0.419076468,0.367538625,0.394524507,0.353426175,0.386580601,0.257518229,0.254534959,0.357963207,0.285747532,0.264130786,-0.713493344,0.272360796,0.354927251,0.295879698,0.478764145,0.442405766,0.437816233,0.400927653,0.412065347,0.512384868,0.684004228,0.487995434
Mup8,0.419076468,0.367538625,0.394524507,0.353426175,0.386580601,0.257518229,0.254534959,0.357963207,0.285747532,0.264130786,-0.713493344,0.272360796,0.354927251,0.295879698,0.478764145,0.442405766,0.437816233,0.400927653,0.412065347,0.512384868,0.684004228,0.487995434
Fbln1,0.187637897,0.336366856,0.301553561,0.304320092,0.36670331,0.276337092,0.290906053,0.210173318,0.297709585,0.324341636,-0.124972384,0.272385137,0.313664288,0.287185741,0.023489554,0.015722137,0.057850834,0.184270846,-0.154705267,-0.042040042,-0.052553231,-0.721728788
Ambp,0.424390561,0.383147417,0.35010544,0.403829597,0.410370498,0.324650452,0.295503778,0.405335073,0.339511468,0.344245744,-0.36219108,0.273457343,0.6078804,0.544130292,0.402070989,0.714176942,-0.156205254,0.555622262,-0.274545358,-0.3630619,-0.153083282,-2.30876882
Ttr,0.184594595,0.287612598,0.209706145,0.220973217,0.213081904,0.292140539,0.291347503,0.394198499,0.344017569,0.359838729,0.844663071,0.279815122,0.328073655,0.7788598,0.120085073,0.214735055,0.454530293,0.278415234,0.664505894,0.630459979,0.517183705,0.665148753
Hgfac,-0.000565858,0.248238969,0.227384434,0.027503037,0.14361883,0.091703715,0.251109107,0.167871396,0.191917862,0.216263921,0.408780957,0.280385911,0.228704579,0.321320961,-0.617706551,-0.465195568,0.229233318,0.02321567,-0.015186076,-0.15655885,0.087832049,0.337475307
Actb,0.400670272,0.450100787,0.45683964,0.349165978,0.347062019,0.430529717,0.49524598,0.407179796,0.373628211,0.397429376,0.169189768,0.281705174,0.227632686,0.349331974,0.361434421,0.531320143,-0.444797403,0.448160437,-0.027030603,-0.083350585,-0.523374226,-1.878913345
Actbl2,0.400670272,0.450100787,0.45683964,0.349165978,0.347062019,0.430529717,0.49524598,0.407179796,0.373628211,0.397429376,0.169189768,0.281705174,0.227632686,0.349331974,0.361434421,0.531320143,-0.444797403,0.448160437,-0.027030603,-0.083350585,-0.523374226,-1.878913345
Actg1,0.400670272,0.450100787,0.45683964,0.349165978,0.347062019,0.430529717,0.49524598,0.407179796,0.373628211,0.397429376,0.169189768,0.281705174,0.227632686,0.349331974,0.361434421,0.531320143,-0.444797403,0.448160437,-0.027030603,-0.083350585,-0.523374226,-1.878913345
Rbp4,0.317412465,0.250419446,0.248101701,0.240795263,0.301309349,0.029836426,0.106437545,0.12375643,0.21504721,0.196782207,-0.992099875,0.291458475,0.250790946,0.26766369,0.318941366,0.348443964,0.507767578,0.250136891,0.493333101,0.488368913,0.49677246,0.610111478
Grn,-0.055079591,-0.00509001,0.021708983,0.003389698,0.035926472,-0.024801771,0.011212126,-0.400547128,0.016756576,-0.080363783,-0.706971241,0.294795579,0.01743899,-0.024071329,-0.268231095,-0.503116057,-0.242372109,-0.237403949,-0.31373026,-0.079072361,-0.370406127,-0.602716587
Spp2,0.237980313,0.29345568,0.274059225,0.306478178,0.278058521,0.348784896,0.319731908,0.225041985,0.315117898,0.343143099,0.252669069,0.296711189,0.378205426,0.373328514,0.270517497,0.337503637,-0.400740417,0.338867283,-0.279599921,-0.117192404,-0.181295248,-1.809649646
Fetub,0.352193939,0.310239526,0.286960032,0.30644335,0.275925839,0.333566991,0.332094981,0.4504979,0.363679548,0.320548681,0.412694218,0.303004465,0.338971227,0.348099567,0.371883374,0.453882691,0.427344295,0.435702307,0.484079639,0.405701799,0.478997993,0.340090529
Efemp1,0.233657692,0.28757669,0.323988295,0.294936463,0.270990985,0.247912382,0.247675876,0.165845125,0.278174521,0.249762008,-0.310218133,0.328579193,0.429498415,0.162101364,-0.136595145,0.282111573,0.21077132,0.510497143,-0.307433718,-0.203300751,0.139932821,-0.559776268
Igfals,0.289260076,0.183576275,0.202812764,0.211062194,0.192143863,0.084400504,0.190379539,0.254767133,0.152378271,0.073714402,-0.461431678,0.329423814,0.255609568,0.227680031,0.257639711,0.368826257,0.374833708,0.352388335,0.506081432,0.386881005,0.24509199,0.345693893
Psma3,0.256251196,0.283314794,0.348526557,0.287708432,0.328527436,0.271553934,0.286639108,0.29085743,0.279331543,0.278272403,-0.125623693,0.338386043,0.01169164,0.276364968,-0.069918045,0.041035571,0.297494667,0.28703133,0.165772112,-0.151831243,0.109562285,0.092100553
C1ra,0.186133467,0.190532502,0.171374933,0.211420424,0.136707799,0.075325845,0.075748743,0.112418813,0.072010224,-0.027947584,-0.853742901,0.351609105,0.272486978,0.271155916,0.296732643,0.345681023,0.435823245,0.31037684,-0.021423648,-0.176886471,0.461581281,-0.408705367
A2mp,0.081481517,0.184693135,0.135674367,-0.073119716,0.150081465,0.110127276,0.073041016,0.215734295,0.287954375,0.270119209,0.707585258,0.356995692,0.095130388,0.305610828,-0.155595336,-0.079920929,0.357720085,0.204593633,0.196576066,0.146020131,0.110607842,0.395505504
C1qa,0.404012492,0.499147261,0.387741251,0.482849107,0.437654417,0.29498301,0.389654468,0.396910754,0.462739844,0.374901265,-0.402637135,0.363267062,0.169055479,0.124530049,0.264299297,0.331282477,0.546093063,0.351926564,0.568242935,0.407360035,0.465638234,0.867886304
Ecm1,0.360584547,0.362930032,0.355275167,0.35393118,0.374851472,0.303175651,0.305708785,0.242667989,0.225530641,0.261824807,-0.667970332,0.364060567,0.420153617,0.276332023,0.342466971,0.511251573,-0.450691868,-0.111543991,-0.243207064,-0.218009266,-0.13005694,-2.418147251
Cpn1,0.426843408,0.369710434,0.408765385,0.372606393,0.391499308,0.365763132,0.369680985,0.458115609,0.38439751,0.383690506,0.011670622,0.365276383,0.320214334,0.469358604,0.48206241,0.613261152,0.520595854,0.541929106,0.422262327,0.388574367,0.55491048,0.153398105
Masp2,0.245114974,0.197336429,0.20503879,0.232144263,0.207707347,0.219051604,0.244805833,0.311211529,0.252769327,0.249542216,0.292267161,0.379056846,0.268226328,0.246881168,0.400398817,0.338162576,0.34254875,0.426019653,0.289790642,0.49446405,0.474224328,0.320908091
Serpinf2,0.725088242,0.718174292,0.62499188,0.646428249,0.693208574,0.665105841,0.63800541,0.722561718,0.623028654,0.549238419,-0.269090098,0.383765546,0.402019547,0.381206154,0.555953253,0.432921404,0.407949177,0.423509605,-0.325104231,0.36896261,0.189219744,-0.85412691
Tns4,0.083695722,0.235825981,0.217089525,0.233425432,0.298114673,0.210681077,0.108139404,-0.370223724,-0.251430994,-0.217020655,-2.323364707,0.397066497,0.447669193,0.417596311,0.587218867,-0.009303012,-0.376999596,0.207672108,-0.293052281,-0.247908385,-0.137115653,-2.116942529
Itih3,0.377854118,0.318324994,0.343045013,0.343721632,0.352631585,0.248150799,0.251174279,0.335027226,0.271716639,0.275972564,-0.49859413,0.414096437,0.170658423,0.281689941,0.227039813,0.331859049,0.483555972,0.240297889,0.524286285,0.520270269,0.615631073,0.768135906
Egfr,0.501417841,0.453960267,0.494418532,0.424649213,0.451190799,0.503781714,0.500608559,0.58031331,0.514677682,0.483926911,0.405107651,0.41768425,0.402389081,0.436225173,0.644876667,0.566683609,0.657840421,0.42228791,0.709956048,0.728851868,0.611193479,0.538560536
Serpinc1,0.54186768,0.504417054,0.508269639,0.465822,0.478021352,0.498316659,0.493417466,0.592280862,0.500790955,0.503381612,0.16081297,0.420882612,0.434835851,0.419571822,0.460706143,0.512940104,0.782566947,0.620382965,0.761778562,0.854182519,0.835272694,1.28447634
Hp,0.684526463,0.488189161,0.527408023,0.593762258,0.626824661,-0.724015048,-0.532940153,-0.421867453,-0.204435451,-0.664344933,-7.995533388,0.427806312,0.497743455,0.401877638,0.567506882,0.741975933,0.22674661,-0.14260387,0.470651349,0.9923648,0.860305831,-0.16587412
Apoa2,-0.052576309,0.100988111,0.038274878,0.035120394,0.119828932,0.521037897,0.409832075,0.269743022,0.317547767,0.340165464,2.375628723,0.434333259,0.502219462,0.366384331,0.096521878,0.270628591,-0.073788982,-0.145785366,-0.25438126,-0.07640271,0.556520975,-1.304696663
Serpina1e,0.536120587,0.522695412,0.596715527,0.59963449,0.634818802,0.627322347,0.628892348,0.620794878,0.693987735,0.584448186,0.423201749,0.44120706,0.449766481,0.42677713,0.55267924,0.600811565,0.901686308,0.69981733,0.958460053,0.910426874,0.93597861,1.54694231
Serpina1d,0.423789035,0.389073458,0.398523683,0.328340143,0.371737533,0.652813173,0.496534672,0.615268018,0.592061376,0.510865606,1.424762128,0.442734436,0.490640332,0.413905193,0.511920199,0.571018798,0.698640543,0.734063552,0.670150157,0.688853137,0.701337826,0.85547667
Gpld1,0.520927449,0.557627606,0.564614467,0.532431586,0.528887738,0.589703152,0.609079952,0.590065732,0.61942328,0.591900255,0.464993721,0.449232175,0.478295215,0.429937459,0.626890208,0.400026537,0.663162701,0.47241131,0.593029552,0.581945983,0.514224105,0.36303946
Itih4,0.782489053,0.731113517,0.748955204,0.719493434,0.754354562,0.670715428,0.649840956,0.742120173,0.681605506,0.685922304,-0.406554005,0.451604171,0.419915011,0.437514929,0.535859299,0.617781668,0.728081479,0.461756633,0.776058908,0.809187277,0.774564146,0.875238568
Sepp1,0.105713533,0.016552547,0.025568337,0.055737262,-0.133895615,-0.019099535,0.201328494,0.23061149,0.209796869,0.11996659,0.989619727,0.462587893,-0.101697691,0.099498775,-0.069543353,-0.180205639,-0.13111485,-0.056768942,0.001542122,-0.347655691,-0.491448606,-0.976843451
Klkb1,0.534491916,0.508562559,0.528931224,0.504514543,0.494913881,0.511581524,0.506406439,0.616841029,0.514054196,0.522022221,0.176411891,0.468567175,0.427830619,0.464003127,0.502860883,0.477625089,0.751466194,0.556577317,0.747850833,0.814145027,0.749468373,1.026542784
Gpx3,0.438482747,0.435304257,0.437676508,0.396774461,0.485822968,0.219932387,0.13482072,0.304129935,0.358947957,0.356034723,-1.178677107,0.483042563,0.396456964,0.440489787,0.50002098,0.542092101,-0.017416755,0.667310325,-0.262325349,-0.016581459,-0.194106933,-1.719678361
F13a1,0.766750974,0.768821762,0.805224553,0.766151613,0.791000171,0.734987885,0.717932541,0.765650754,0.711573482,0.729787473,-0.304417702,0.484186574,0.646791562,0.388244294,0.454188431,0.551399615,0.7663116,0.588531651,0.821513875,0.716651904,0.768024598,0.915938498
Mbl2,0.44940739,0.413376914,0.43023126,0.403455197,0.483120163,0.36324308,0.356261628,0.469285081,0.427931845,0.401960293,-0.21041824,0.486352892,0.552794185,0.560189403,0.644295833,0.645678774,0.854539044,0.670745128,0.862420939,0.685232635,0.771570818,0.773875051
C8g,0.711368781,0.650269981,0.66697828,0.685491461,0.710304808,0.588439419,0.57200303,0.590921079,0.596029012,0.578138055,-0.693540942,0.503579992,0.6380598,0.537747402,0.779887275,0.891993583,0.653462124,0.717719756,0.663960723,0.652416766,0.507554464,-0.105461058
Mbl1,0.640242358,0.659037699,0.673235654,0.674876417,0.674182121,0.616397179,0.589615551,0.558790724,0.593676771,0.630328323,-0.45091693,0.504857876,0.562334761,0.716525656,0.704945111,0.497608869,0.712096532,0.452659375,0.541701663,0.590096654,0.673086109,0.005433915
Cfi,0.593958088,0.582806471,0.607256672,0.615613029,0.619069003,0.550095091,0.58407959,0.627334264,0.573852143,0.592682421,-0.097545275,0.514916652,0.489688355,0.455376281,0.521794381,0.574575131,0.541757017,0.53470802,0.422344163,0.648140964,0.587909362,0.155789575
Lifr,0.285018643,0.311121127,0.313947047,0.341487672,0.310685945,0.198416821,0.276304986,0.174214613,0.257945737,0.306311288,-0.494812574,0.526106052,0.179074492,0.489988601,0.02725467,0.106630289,0.38170837,0.122378943,0.406650947,0.377070886,0.473812369,0.35286639
Cfb,0.677300773,0.635348393,0.633210484,0.636580663,0.652501305,0.617891916,0.629111228,0.620263636,0.649271734,0.649880027,-0.064066954,0.56917806,0.644493601,0.578227685,0.749997959,0.704254095,0.643868983,0.700916612,0.590101516,0.63038488,0.624055756,-0.026427808
Psma1,0.334870243,0.207042705,0.28351891,0.257671864,0.281649426,0.238589423,0.287694162,0.337403191,0.215374971,0.210821909,-0.093779956,0.571242148,0.355228262,0.345219885,0.179635738,0.322291109,-0.297805181,-0.299344332,-0.284979421,-0.107612428,-0.446327046,-2.530766262
C1qc,0.555915582,0.522774657,0.605633244,0.569629017,0.593301685,0.545749236,0.465590099,0.258360323,0.350793355,0.470874432,-1.079909204,0.574102175,0.655892859,0.547502937,0.53685848,-0.462776632,-0.363737957,0.009446158,-0.017878233,0.108912714,-0.159966129,-1.786569715
Pkm,0.425320527,0.312796416,0.384000685,0.313198717,0.359572427,0.242730215,0.276573053,0.342434144,0.211577376,0.229413403,-0.701832943,0.579496064,0.119858554,0.200661044,0.343543757,0.198021744,0.004644935,-0.000131052,-0.370626593,-0.027113497,0.15671714,-1.321339419
Fcn1,0.66939483,0.737388732,0.221638093,0.73956425,0.705556268,0.697889994,0.673794871,0.613056543,0.521315464,0.692932332,0.220139746,0.587149984,0.70988638,0.59837204,0.670348491,0.588649052,0.365743944,0.714688548,0.118751433,-0.235984591,0.27427483,-1.498912512
Hrg,0.605399379,0.563065795,0.553870393,0.561072551,0.603849579,0.535613436,0.515220693,0.634348844,0.547121118,0.518159277,-0.166937558,0.592228662,0.679049895,0.689057634,0.798831686,0.808811007,0.653213454,0.751419367,0.593195631,0.65001723,0.582600872,-0.247145847
Clu,0.622506574,0.568564656,0.573991248,0.57554354,0.5925055,0.574992963,0.582881894,0.669420522,0.651165603,0.622636816,0.280682536,0.611876439,0.554430167,0.641115802,0.624842131,0.64275352,0.435551639,0.701900755,0.525954291,0.474782039,0.556510134,-0.283294239
Itih2,0.716879692,0.649265798,0.685669974,0.66854396,0.677192966,0.648479671,0.629309205,0.638830279,0.620516229,0.647946099,-0.273602347,0.615902384,0.433866743,0.407923751,0.459874301,0.598660323,0.776405705,0.632870183,0.898423873,0.832436494,0.789081486,1.133831906
Apoh,0.559945435,0.52527459,0.531298311,0.454306406,0.481683056,0.564619982,0.539141406,0.593134991,0.571062476,0.521383718,0.376244416,0.61594498,0.669170375,0.556328676,0.566563481,0.563689313,0.654968635,0.711457361,0.485339669,0.613464576,0.810976748,0.259213714
Vwf,0.648688321,0.625390761,0.644823191,0.629549161,0.652009435,0.609308913,0.595351948,0.523945676,0.584271501,0.612523908,-0.368361368,0.617859373,0.769054596,0.714752699,0.643844747,0.608526239,0.543979361,0.55139966,0.554451198,0.586741422,0.642957689,-0.354585093
Adipoq,0.490218883,0.565275988,0.542927103,0.526188686,0.554655056,0.484069715,0.464972806,0.317400004,0.520169531,0.473698581,-0.586322271,0.627581031,0.77616506,0.534036761,0.185698725,0.38407149,0.376268997,0.208885318,0.396020718,-0.08702196,0.148011795,-1.141435098
F13b,0.720228062,0.661661452,0.658684197,0.656890299,0.714532908,0.573031275,0.594443224,0.688166275,0.64236164,0.649294323,-0.348888878,0.634347733,0.730192378,0.657216399,0.714513718,0.719591386,0.932030184,0.778600852,0.870547955,1.051746358,0.973723453,0.931954939
Gc,0.719528127,0.716511385,0.738925092,0.716674862,0.723710769,0.744840796,0.703059718,0.724290689,0.711864278,0.724909063,0.031821482,0.647120492,0.707667954,0.694206897,0.774416035,0.758975107,0.898127659,0.831051288,0.839592364,0.910827806,0.907841326,0.65859492
Cpn2,0.659729824,0.621552331,0.6161979,0.621108372,0.639743719,0.546448427,0.542835326,0.6109925,0.549798656,0.540202371,-0.503873154,0.658881897,0.614199181,0.530618968,0.660713191,0.840283826,0.711449505,0.738827918,0.922428236,0.842256303,0.722724763,0.52016888
Vtn,0.55912618,0.461166611,0.499895126,0.518167077,0.490552876,0.504283254,0.477816679,0.597247238,0.506784304,0.503105336,0.118151385,0.665590182,0.542109522,0.505660906,0.458502853,0.497917747,0.625513214,0.6597317,0.453769106,0.241640623,0.578722194,-0.070780442
F2,0.745468771,0.705945796,0.71821525,0.726584641,0.72519756,0.680479396,0.690779033,0.756623306,0.722902193,0.718446674,-0.03464262,0.665784908,0.728427916,0.675170487,0.709270446,0.666155547,0.736923779,0.665152968,0.714921555,0.73192124,0.741208715,0.136125209
Ces1c,0.736321644,0.699306549,0.715635336,0.678650268,0.667735634,0.741693201,0.725963497,0.764343365,0.752480798,0.754121811,0.393385908,0.68523796,0.668688269,0.648400422,0.728372495,0.778822012,0.908725141,0.879952994,0.880584874,0.760079756,0.92604582,0.690637365
C9,0.46623781,0.420596878,0.427660007,0.443630414,0.448884223,0.316935879,0.344617911,0.409632523,0.35401552,0.320328889,-0.651635307,0.697795305,0.685785931,0.678987287,0.684750511,0.839982216,0.500576645,0.62872636,0.474620384,0.728535726,0.523577502,-0.558896559
Apoe,0.735549132,0.663521234,0.680589338,0.674362706,0.705105387,0.697896171,0.712533073,0.792238411,0.770011097,0.7500182,0.42697248,0.702088996,0.738116551,0.824584521,0.730239895,0.362162978,0.31386952,0.623123293,0.242884292,-0.093232168,0.43027119,-1.435163249
Serpina1a,0.428339227,0.431760519,0.330514179,0.364970377,0.323321805,0.441148527,0.426774428,0.518144666,0.502979316,0.472566466,0.730236709,0.707206619,0.67652434,0.678518728,0.743082515,0.789855608,0.917159427,0.82471375,1.012042037,1.018138315,0.979890793,0.93734985
Ahsg,0.793984468,0.747909746,0.796351381,0.714498119,0.737254602,0.734786528,0.720793977,0.790443643,0.829748667,0.784799433,0.146516666,0.715433761,0.717740806,0.71403888,0.784666122,0.777359991,0.650621724,0.907955001,0.787874551,0.67369645,0.73624232,0.059023494
Hba,0.93371435,0.868872309,0.861991324,0.878670579,0.905300489,1.079361708,1.053623048,1.106518859,1.070677837,1.05103807,1.390960859,0.751689168,0.751234997,0.766733409,0.906590378,1.015733617,1.146009015,0.987475419,1.061109814,1.05053266,1.112073029,0.946818197
H2-Q10,0.640290333,0.588286759,0.621212956,0.588627632,0.58843142,0.696058015,0.638937498,0.718618834,0.695026467,0.676384049,0.619052454,0.779426563,0.593532214,0.776862326,0.707527943,0.609081008,0.656758823,0.591090179,0.456480519,0.286387553,0.433549998,-0.80422159
C8b,0.889023077,0.889267995,0.881998341,0.89324232,0.8983907,0.80205093,0.796558684,0.825968583,0.785074561,0.792759849,-0.608755416,0.801058104,0.797210126,0.818975242,0.813033629,0.878286682,0.883769937,0.813053114,0.884071319,0.884746628,0.86775723,0.20262165
Itih1,0.726767348,0.677883155,0.720287842,0.722942639,0.725400021,0.690248306,0.667758435,0.735741621,0.745838088,0.729792384,0.035467725,0.804330706,0.864730782,0.827480067,0.84950735,0.770494428,0.78598436,0.713283842,0.748906274,0.716286099,0.711993351,-0.323248328
Serpina3k,0.801648079,0.797541889,0.809356127,0.816829927,0.822303519,0.873783483,0.866189813,0.902263861,0.858081533,0.882474458,0.538937944,0.807720142,0.778617198,0.727819869,0.803283132,0.90523414,1.216112459,0.942729655,1.220032511,1.353770575,1.26105163,1.584729638
Psma7,0.325900252,0.333412502,0.313457049,0.230375504,0.281366227,0.196740492,0.167901224,0.366533739,0.321033619,0.285200163,-0.198158852,0.826340744,0.613520071,0.806124048,0.408832433,0.280567185,0.724390045,0.581772336,0.643190078,-0.423450028,0.50262541,-0.695716175
Gsn,0.762087612,0.845106233,0.847038958,0.886210818,0.846502067,0.785220932,0.766331008,0.753964663,0.773493252,0.747585749,-0.480574003,0.828284345,0.771665804,0.70353658,0.630353387,0.629619557,0.836334166,0.611043306,0.82359106,0.935723147,0.898343382,0.45152767
Ica,0.742881842,0.743923969,0.758197112,0.761780713,0.765118581,0.741464667,0.728335525,0.765425342,0.722138238,0.72244837,-0.091553601,0.82900848,0.841562733,0.778997683,0.822209354,0.670731782,0.640241528,0.631985424,0.665020978,0.567110284,0.611107956,-0.630344232
Cfh,0.892814289,0.88302745,0.902186013,0.875499997,0.887933479,0.815460327,0.806651792,0.873196672,0.855334992,0.839700884,-0.317561136,0.833150043,0.752677646,0.806475467,0.760864045,0.749139473,1.016889707,0.856569912,0.952986683,1.020359794,1.007967849,0.777986735
C4b,0.977884054,0.930547218,0.93193731,0.942115803,0.945391678,0.882323249,0.861296967,0.937825353,0.878411356,0.871172951,-0.381477739,0.84678081,0.871053235,0.871746643,0.932770358,0.941406745,1.075629136,0.938817325,1.174634107,1.030873663,1.006336877,0.630817151
Kng1,0.81720041,0.783742113,0.800495329,0.761138885,0.783946298,0.795923743,0.784500569,0.836753026,0.784329089,0.76930468,0.080803102,0.850553612,0.756232267,0.784820499,0.781069558,0.93665124,0.793011121,0.802408134,0.69161761,0.674511638,0.801955808,-0.249748638
C1qb,0.714517873,0.659966352,0.662194612,0.656079307,0.689959247,0.591582073,0.612063124,0.570432952,0.687209484,0.66879814,-0.333353104,0.852235551,0.925951012,0.793476629,0.957663773,0.393353567,0.286217566,0.457852787,0.13065132,0.445050076,0.409281756,-1.712696149
Hbb-b1,0.764298127,0.742782346,0.771335495,0.761513285,0.768382814,0.894120554,0.883528119,0.893810299,0.92156741,0.93582631,1.101473332,0.862803047,0.867567137,0.863122238,0.953422107,0.99899608,1.176270806,1.110508997,1.209458846,1.190233881,1.055099817,0.9733223
Cd5l,0.759199304,0.80590843,0.799318591,0.775961884,0.847431156,0.793640872,0.796429569,0.714686917,0.81089993,0.83475494,-0.009928994,0.889291766,1.027515265,0.866548572,1.055905999,0.944628763,0.812149118,0.842154404,0.633031608,0.687145239,0.801347506,-0.769789588
C4bp,0.914235494,0.856264922,0.868960185,0.849277083,0.887732259,0.863127614,0.847367299,0.897130558,0.886388523,0.876693548,0.041408882,0.910559414,1.007615509,0.917252948,1.031842001,1.024608702,0.831718063,0.974262214,0.775884405,0.836181757,0.868584762,-0.450587166
Serpina1b,0.803223855,0.763319187,0.77993892,0.785027087,0.794936379,0.856669362,0.807018233,0.89925796,0.839989358,0.841196455,0.511860845,0.91255048,0.842234502,0.860191307,0.926130174,0.857696048,1.17915587,1.114952183,1.350602718,1.27878537,1.257919778,1.438238004
C5,0.981719549,0.972292007,0.994835244,0.968550172,0.985364868,0.932400646,0.914921519,0.928769881,0.934189915,0.922265485,-0.340892762,0.937680991,0.987310734,0.982330111,1.007780429,0.964717925,1.041307733,0.930403633,1.05877268,0.909828504,0.963735253,0.049082782
Cp,1.003664783,0.975081679,0.984832354,0.953502035,1.004572667,0.905463261,0.881272909,0.988070309,0.935960566,0.923719308,-0.364807138,0.974020373,0.920022566,0.945172446,0.892878325,0.936536168,0.98491257,0.879056115,1.034629918,1.026901891,0.997491803,0.229938528
Hpx,1.028719746,0.960439924,0.965815232,0.996676182,1.001035173,0.887006347,0.899117838,1.002014176,0.948586767,0.938075806,-0.350521659,0.97423092,0.944815584,0.962970348,1.031040474,1.082646213,0.931123622,0.886855324,1.015356386,1.074674588,1.055463594,0.004124869
Cfp,0.5001213,0.504223895,0.49946081,0.640507508,0.509386804,0.586653147,0.614950382,0.295452181,0.596451652,0.611941887,0.103616929,1.000406862,0.761490168,0.978344924,0.336411259,0.180565916,0.526737782,0.359311269,0.538605141,0.379252393,0.521459888,-0.713570443
C8a,0.826286032,0.83009797,0.852930072,0.834967795,0.849823436,0.798883569,0.775129276,0.746996384,0.756172425,0.741061965,-0.504353065,1.051780251,0.820775852,0.80422175,0.798082301,0.791558674,0.785977117,0.810288546,0.801594081,0.728793727,0.769270111,-0.267437483
Apoa1,0.968975568,0.972330391,0.975899788,0.933699891,0.962145092,1.120575685,1.103505723,1.121120686,1.124956826,1.128287132,1.208004612,1.112009987,1.075361311,1.131792954,1.146561003,1.120054328,1.155196557,1.164112044,1.232975805,1.21548897,1.157771573,0.302455238
Mug1,1.265602802,1.277093099,1.283862335,1.296468451,1.287300196,1.253520808,1.221241428,1.223016681,1.247978195,1.247512867,-0.245534755,1.155008973,1.118735022,1.088230435,1.167400704,1.187929896,1.435318206,1.236230788,1.452982902,1.450499383,1.409830274,1.03810522
Plg,1.126577776,1.118485439,1.115091411,1.135822315,1.147519485,1.062043759,1.063400131,1.062530611,1.087515647,1.063313294,-0.38286876,1.175557355,1.191586997,1.107930636,1.112068666,1.170402601,1.049268821,1.097207316,1.045617576,1.147601837,1.175485811,-0.157230978
Fn1,1.296896903,1.298730703,1.314721077,1.307291218,1.303954243,1.255124253,1.240983733,1.254356267,1.264516585,1.26441601,-0.281078859,1.18907859,1.144538751,1.157624682,1.125466656,1.201889956,1.368429375,1.224487737,1.42533805,1.372351538,1.363931774,0.776498879
C3,1.297562394,1.286143128,1.272614653,1.287683115,1.295495557,1.259780174,1.247432107,1.292266919,1.265264521,1.248182067,-0.111953438,1.237148952,1.240757002,1.202994323,1.219062209,1.298075677,1.405241107,1.328960774,1.424488402,1.371515758,1.366992557,0.59092904
Fgb,1.285558942,1.250100266,1.259869753,1.273641256,1.275597151,1.213707684,1.200361681,1.199019436,1.195790224,1.202466467,-0.417297883,1.300609911,1.29326627,1.27656289,1.357413523,1.413979907,1.383527074,1.370820769,1.438442608,1.475644247,1.530180131,0.48044428
Fga,1.304362465,1.295043333,1.320792846,1.301576956,1.320177281,1.273565108,1.250973548,1.256850421,1.249570179,1.248324502,-0.311030013,1.395009061,1.453284144,1.430739382,1.450835674,1.480136661,1.195954429,1.333767559,1.252339597,1.302118165,1.339250369,-0.579714109
Tf,1.338372657,1.328615979,1.339452369,1.333000421,1.365323808,1.316213291,1.295799832,1.318798526,1.318711786,1.30271515,-0.147252175,1.451144699,1.481706423,1.427734018,1.493823469,1.437914899,1.161853933,1.348952685,1.202294604,1.146231885,1.235677603,-0.904315266
Fgg,1.351703403,1.395195413,1.40246909,1.374908325,1.387516368,1.345936322,1.316717699,1.295723643,1.3288921,1.327453465,-0.357532693,1.517409701,1.520162399,1.481048411,1.436017732,1.356814522,1.336459481,1.370040243,1.389079981,1.433931561,1.465662769,-0.205566209
Alb,1.448430958,1.458296732,1.450055821,1.480195528,1.461726739,1.499863353,1.492148154,1.52414525,1.502847076,1.504340948,0.413805592,1.558006265,1.561725149,1.531828439,1.555269423,1.602982766,1.662768718,1.625347674,1.769675376,1.741095219,1.798355827,0.670780803
A2m,1.533595442,1.505537905,1.494309081,1.515767244,1.525289849,1.492613261,1.475810797,1.535152669,1.505999006,1.480451106,-0.037132385,1.584105533,1.590988057,1.541723077,1.574662495,1.625314017,1.756593669,1.660925883,1.852194736,1.774218752,1.750225279,0.742629125
Katnal2,-0.379408992,-0.445899074,-0.39479556,-0.410753733,-0.403366235,-0.258464993,-0.120782799,-0.181941302,-0.236909692,-0.286316668,1.371831163,-2.846164076,-2.848759704,-2.87286922,-2.826191019,-2.787165975,-2.775397112,-2.813879527,-2.762705999,-2.792791639,-2.727929638,0.158789191
Spata5,-0.379408992,-0.445899074,-0.39479556,-0.410753733,-0.403366235,-0.258464993,-0.120782799,-0.181941302,-0.236909692,-0.286316668,1.371831163,-2.846164076,-2.848759704,-2.87286922,-2.826191019,-2.787165975,-2.775397112,-2.813879527,-2.762705999,-2.792791639,-2.727929638,0.158789191
Rpl7,-0.496145583,-0.740420603,-0.265045062,-0.373064979,-0.289128022,-0.251696676,-0.232275484,-0.492662677,-0.471806083,-0.267471001,0.632367286,-2.846164076,-2.848759704,-2.87286922,-2.826191019,-2.787165975,-2.775397112,-2.813879527,-2.762705999,-2.792791639,-2.727929638,0.158789191
Bche,-0.481603175,-0.375032981,-0.341325139,-0.417599902,-0.599874792,-0.620843604,-0.551450332,-0.765539196,-0.803583034,-0.455915393,-1.468345052,-2.846164076,-2.848759704,-2.87286922,-2.826191019,-2.787165975,-2.775397112,-2.813879527,-2.762705999,-2.792791639,-2.727929638,0.158789191
Psmc2,-0.480296793,-0.561169617,-0.442024692,-0.517084529,-0.529716143,-0.439454177,-0.338735141,-0.381376138,-0.443239102,-0.219788321,1.01060051,-0.310571145,-0.286175758,-0.270617297,-0.313881754,-0.300626751,-0.417587262,-0.399691727,-0.247164065,-0.229047618,-0.315172298,-0.108959814
Fap,-0.456693366,-0.404894732,-0.405526022,-0.468318018,-0.471372328,-0.43276739,-0.310463865,-0.430352694,-0.349873965,-0.408744742,0.377368419,-2.846164076,-2.848759704,-2.87286922,-2.826191019,-2.787165975,-2.775397112,-2.813879527,-2.762705999,-2.792791639,-2.727929638,0.158789191
Bpifa2,-0.421275923,-0.738137356,-0.468492011,-0.380817917,-0.321590246,-0.531211265,-0.51766031,-0.329909084,-0.496182403,-0.498865783,-0.087373321,-2.846164076,-2.848759704,-2.87286922,-2.826191019,-2.787165975,-2.775397112,-2.813879527,-2.762705999,-2.792791639,-2.727929638,0.158789191
Tgm2,-0.411340292,-0.418458011,-0.414389296,-0.181810102,-0.443961715,-0.14309353,-0.154010863,-0.245068861,-0.253505994,-0.116456404,1.385690856,-2.846164076,-2.848759704,-2.87286922,-2.826191019,-2.787165975,-2.775397112,-2.813879527,-2.762705999,-2.792791639,-2.727929638,0.158789191
Acta1,0.400670272,0.450100787,0.45683964,0.349165978,0.347062019,0.430529717,0.49524598,0.407179796,0.373628211,0.397429376,0.169189768,0.281705174,0.227632686,0.349331974,0.361434421,0.531320143,-0.444797403,0.448160437,-0.027030603,-0.083350585,-0.523374226,-1.878913345
Acta2,0.400670272,0.450100787,0.45683964,0.349165978,0.347062019,0.430529717,0.49524598,0.407179796,0.373628211,0.397429376,0.169189768,0.281705174,0.227632686,0.349331974,0.361434421,0.531320143,-0.444797403,0.448160437,-0.027030603,-0.083350585,-0.523374226,-1.878913345
Actc1,0.400670272,0.450100787,0.45683964,0.349165978,0.347062019,0.430529717,0.49524598,0.407179796,0.373628211,0.397429376,0.169189768,0.281705174,0.227632686,0.349331974,0.361434421,0.531320143,-0.444797403,0.448160437,-0.027030603,-0.083350585,-0.523374226,-1.878913345
Actg2,0.400670272,0.450100787,0.45683964,0.349165978,0.347062019,0.430529717,0.49524598,0.407179796,0.373628211,0.397429376,0.169189768,0.281705174,0.227632686,0.349331974,0.361434421,0.531320143,-0.444797403,0.448160437,-0.027030603,-0.083350585,-0.523374226,-1.878913345
Ubtfl1,0.241125714,0.362484279,0.352831363,0.384316027,0.387534532,0.531683884,0.599660702,0.421156562,0.586589242,0.57064915,1.460701348,-2.846164076,-2.848759704,-2.87286922,-2.826191019,-2.787165975,-2.775397112,-2.813879527,-2.762705999,-2.792791639,-2.727929638,0.158789191
Mad2l1,-0.32446718,-0.381952062,-0.656631471,-0.465524324,-0.495696328,-0.599166211,-0.512436684,-0.530624504,-0.458504644,-0.492107472,-0.421965291,-2.846164076,-2.848759704,-2.87286922,-2.826191019,-2.787165975,-2.775397112,-2.813879527,-2.762705999,-2.792791639,-2.727929638,0.158789191
Orm2,-0.30958403,-0.42479266,-0.368265134,-0.462642316,-0.340414237,-0.383413891,-0.28791669,-0.473592818,-0.283126494,-0.771580315,-0.456439518,-0.080562897,-0.211414933,-0.35723595,-0.257497181,-0.036271062,0.490937633,-0.026305366,0.417606111,0.492372178,0.636415732,2.333964432
Rpl13,-0.285446733,-0.264101104,-0.359372164,-0.485955857,-0.380779929,-0.420075714,-0.433307607,-0.416028672,-0.440209158,-0.312789993,-0.384016217,-2.846164076,-2.848759704,-2.87286922,-2.826191019,-2.787165975,-2.775397112,-2.813879527,-2.762705999,-2.792791639,-2.727929638,0.158789191
Cir1,-0.248591287,-0.255926485,-0.217304897,-0.304124412,-0.255998791,-0.272825587,-0.239446902,-0.161297214,-0.259376124,-0.239387912,0.147191429,-2.846164076,-2.848759704,-2.87286922,-2.826191019,-2.787165975,-2.775397112,-2.813879527,-2.762705999,-2.792791639,-2.727929638,0.158789191
Psma2,-0.184951338,-0.395012631,-0.403559843,-0.283679196,-0.270223294,-0.437245425,-0.370588437,-0.429048959,-0.470529539,-0.16870561,-0.515235865,0.571242148,0.355228262,0.345219885,0.179635738,0.322291109,-0.297805181,-0.299344332,-0.284979421,-0.107612428,-0.446327046,-2.530766262
Man2b1,-0.162141334,-0.146370252,-0.07520917,-0.261827182,-0.090846991,-0.124301845,-0.256455657,0.023170262,-0.263479301,-0.109360423,0.00249277,-0.408442489,-0.463107752,-0.235397316,-0.298977717,-0.101670763,-0.045609508,-0.380302179,-0.220554195,0.018801103,-0.114848183,0.5955609
Mst1,-0.111673446,-0.169467697,-0.095525529,-0.145604021,-0.130451278,-0.163608487,-0.192568304,-0.201790966,-0.137600494,-0.172616442,-0.324709288,-2.846164076,-2.848759704,-2.87286922,-2.826191019,-2.787165975,-2.775397112,-2.813879527,-2.762705999,-2.792791639,-2.727929638,0.158789191
Psmd2,-0.579174588,-0.44949977,-0.497314044,-0.351102262,-0.503391123,-0.530811022,-0.409907043,-0.343371666,-0.58825128,-0.379201691,0.166398705,-0.310571145,-0.286175758,-0.270617297,-0.313881754,-0.300626751,-0.417587262,-0.399691727,-0.247164065,-0.229047618,-0.315172298,-0.108959814
Ric8a,-0.102447591,-0.027381385,0.114858111,-0.534441258,0.177782729,-0.006152147,-0.040003509,0.002574911,0.017468779,0.059679611,0.589043567,-2.846164076,-2.848759704,-2.87286922,-2.826191019,-2.787165975,-2.775397112,-2.813879527,-2.762705999,-2.792791639,-2.727929638,0.158789191
F7,-0.071540976,0.105119995,0.032433259,-0.003329598,0.009882167,-0.050447012,-0.079485659,-0.469057771,-0.068057195,-0.118025648,-1.262970093,-0.158292349,-0.26356568,-0.256763096,-0.2269567,-0.132995805,0.126789388,0.061173032,-0.015305219,-0.266632277,-0.419959258,0.408178095
Col1a1,0.034516994,-0.112240414,-0.091460772,-0.292791665,-0.072155904,-0.387696745,-0.35085474,-0.170809602,-0.422958566,-0.185780659,-1.450429568,-2.846164076,-2.848759704,-2.87286922,-2.826191019,-2.787165975,-2.775397112,-2.813879527,-2.762705999,-2.792791639,-2.727929638,0.158789191
Cps1,-0.159378498,-0.443132928,-0.526309308,-0.415680636,-0.197089821,-0.145223222,-0.256861447,-0.180120948,-0.290817794,-0.244020744,0.896011772,0.658881897,0.614199181,0.530618968,0.660713191,0.840283826,0.711449505,0.738827918,0.922428236,0.842256303,0.722724763,0.52016888
Psmb8,0.163140176,0.061879458,0.165512279,0.102016067,-0.336578639,-0.466940044,-0.43658467,0.087094683,-0.484238831,-0.593051141,-3.003826561,0.211849925,0.29093919,0.274316245,0.2366739,-0.336488055,0.004329871,-0.0580173,0.158808849,-0.000424258,-0.229900391,-0.628770318
Gpx1,0.286790007,0.293370244,0.349045015,0.277776264,0.277190295,0.281944209,0.264929335,0.268330846,0.169481002,0.266143298,-0.325546427,0.483042563,0.396456964,0.440489787,0.50002098,0.542092101,-0.017416755,0.667310325,-0.262325349,-0.016581459,-0.194106933,-1.719678361
Ces3a,-0.007193712,0.017044114,0.036394077,0.02274903,0.07994269,0.033317557,0.123576645,0.205665077,0.072158087,0.09191297,0.558746011,0.68523796,0.668688269,0.648400422,0.728372495,0.778822012,0.908725141,0.879952994,0.880584874,0.760079756,0.92604582,0.690637365
Ywhaz,-0.397686026,-0.289565994,-0.331344522,-0.3185755,-0.191560002,-0.167315682,-0.30911861,-0.441613549,-0.274589915,-0.244147217,0.11605493,-2.846164076,-2.848759704,-2.87286922,-2.826191019,-2.787165975,-2.775397112,-2.813879527,-2.762705999,-2.792791639,-2.727929638,0.158789191
Emilin1,-0.432825463,-0.129586405,-0.1665604,-0.205289076,-0.106778137,-0.115569369,-0.148244954,-0.54995511,-0.217452256,-0.137222492,-0.201290905,-2.846164076,-2.848759704,-2.87286922,-2.826191019,-2.787165975,-2.775397112,-2.813879527,-2.762705999,-2.792791639,-2.727929638,0.158789191
Pglyrp2,-0.111022716,-0.165289999,-0.149516881,-0.169872842,-0.216224337,-0.216360351,-0.143606649,-0.136534786,-0.234435464,-0.207080879,-0.194245591,-2.846164076,-2.848759704,-2.87286922,-2.826191019,-2.787165975,-2.775397112,-2.813879527,-2.762705999,-2.792791639,-2.727929638,0.158789191
Postn,-0.166358165,-0.376448248,-0.422657394,-0.386451328,-0.367293232,-0.506294864,-0.569357973,-0.493771461,-0.53741748,-0.466760124,-1.275842901,-2.846164076,-2.848759704,-2.87286922,-2.826191019,-2.787165975,-2.775397112,-2.813879527,-2.762705999,-2.792791639,-2.727929638,0.158789191
Lum,-0.042382354,-0.079549369,-0.086109152,-0.056212019,-0.03044502,-0.02464365,-0.059776555,-0.049636612,-0.027429585,-0.044233098,0.127031547,-2.846164076,-2.848759704,-2.87286922,-2.826191019,-2.787165975,-2.775397112,-2.813879527,-2.762705999,-2.792791639,-2.727929638,0.158789191
Igsf10,0.48997286,0.457584488,0.377008313,0.483109072,0.490899421,0.543891315,0.60672145,0.689601602,0.689030654,0.646031818,1.314903944,-2.846164076,-2.848759704,-2.87286922,-2.826191019,-2.787165975,-2.775397112,-2.813879527,-2.762705999,-2.792791639,-2.727929638,0.158789191
Gp1ba,-3.174955039,-3.199466481,-3.194775671,-3.203584922,-3.184752226,-3.199686225,-3.209235555,-3.168698506,-3.195861952,-3.191493869,-0.193054834,-2.846164076,-2.848759704,-2.87286922,-2.826191019,-2.787165975,-2.775397112,-2.813879527,-2.762705999,-2.792791639,-2.727929638,0.158789191
Psmb2,-0.641315028,-0.282175158,-0.403979311,-0.232336665,-0.231136962,-0.420898437,-0.675100735,-0.411887182,-0.383651858,-0.403210639,-0.75580131,-0.310571145,-0.286175758,-0.270617297,-0.313881754,-0.300626751,-0.417587262,-0.399691727,-0.247164065,-0.229047618,-0.315172298,-0.108959814
Aldh1a1,-3.174955039,-3.199466481,-3.194775671,-3.203584922,-3.184752226,-3.199686225,-3.209235555,-3.168698506,-3.195861952,-3.191493869,-0.193054834,-0.314113927,-0.311684595,-0.153043278,-0.284170689,0.041749018,0.088679981,-0.070098499,-0.415967231,-0.241177328,-0.255734559,0.092461999
Aldh1a7,-3.174955039,-3.199466481,-3.194775671,-3.203584922,-3.184752226,-3.199686225,-3.209235555,-3.168698506,-3.195861952,-3.191493869,-0.193054834,-0.314113927,-0.311684595,-0.153043278,-0.284170689,0.041749018,0.088679981,-0.070098499,-0.415967231,-0.241177328,-0.255734559,0.092461999
Aldob,-0.288910734,-0.218495597,-0.219707867,-0.232279448,-0.207035298,-0.173134039,-0.19180837,-0.164311643,-0.187147893,-0.022107735,0.616005198,-0.295992309,-0.353043,-0.514941273,-0.38684981,-0.425486011,0.18824971,-0.614639617,0.103016095,-0.345951426,-0.008270044,1.019295703
Apeh,-3.174955039,-3.199466481,-3.194775671,-3.203584922,-3.184752226,-3.199686225,-3.209235555,-3.168698506,-3.195861952,-3.191493869,-0.193054834,-0.243261928,-0.331684688,-0.337939637,-0.183537221,-0.5889247,0.055965281,-0.130912935,-0.256724411,-0.134810403,-0.215901012,0.784044296
B4galt3,-3.174955039,-3.199466481,-3.194775671,-3.203584922,-3.184752226,-3.199686225,-3.209235555,-3.168698506,-3.195861952,-3.191493869,-0.193054834,-0.246773068,-0.319639358,-0.450174042,-0.321711496,-0.299255576,-0.469916778,-0.580683062,-0.094558368,0.392733887,-0.384280233,0.38586026
C1rb,0.186133467,0.190532502,0.171374933,0.211420424,0.136707799,0.075325845,0.075748743,0.112418813,0.072010224,-0.027947584,-0.853742901,0.351609105,0.272486978,0.271155916,0.296732643,0.345681023,0.435823245,0.31037684,-0.021423648,-0.176886471,0.461581281,-0.408705367
Cat,0.020824595,0.293450727,0.352369825,0.327657267,0.125425825,0.486903539,0.474923273,0.199645966,0.399629783,0.432301473,1.294534778,0.344622119,0.483495606,0.343111372,0.11181152,-0.387324477,0.415899401,0.258074267,0.325945212,0.240187092,0.211888332,0.449956625
Cdk1,-3.174955039,-3.199466481,-3.194775671,-3.203584922,-3.184752226,-3.199686225,-3.209235555,-3.168698506,-3.195861952,-3.191493869,-0.193054834,-0.088319047,-0.626973915,-0.208882274,-0.159256168,0.036993513,-0.269704171,-0.383879998,-0.012550482,0.182519489,0.175761211,0.576546754
Clec11a,-3.174955039,-3.199466481,-3.194775671,-3.203584922,-3.184752226,-3.199686225,-3.209235555,-3.168698506,-3.195861952,-3.191493869,-0.193054834,-0.40511999,-0.364252597,-0.063477832,-0.57346008,-0.424554533,0.030905057,-0.085724792,-0.185923214,-0.279895741,-0.04461519,0.992797337
Colec10,0.05162911,0.04761164,0.003306834,0.074380135,0.06795272,-0.001314635,-0.037123628,0.020403177,0.052690793,0.04775802,-0.235362801,-0.364832553,-0.179356051,-0.513237868,-0.058815502,-0.583769471,-0.113286601,0.073389974,-0.324283466,-0.106563464,-0.492248432,0.571839354
Dnah8,-3.174955039,-3.199466481,-3.194775671,-3.203584922,-3.184752226,-3.199686225,-3.209235555,-3.168698506,-3.195861952,-3.191493869,-0.193054834,0.470301447,0.434733067,0.551859067,0.585111373,0.761877346,0.974408038,0.571061908,0.903784117,0.76224915,0.457099118,0.700550348
Ect2,-3.174955039,-3.199466481,-3.194775671,-3.203584922,-3.184752226,-3.199686225,-3.209235555,-3.168698506,-3.195861952,-3.191493869,-0.193054834,0.009310108,-0.091238174,0.389608482,0.434303044,0.54253422,-0.298469108,0.459095085,-0.102270188,-0.190512107,-0.138428622,-1.227850255
Eif2ak4,-3.174955039,-3.199466481,-3.194775671,-3.203584922,-3.184752226,-3.199686225,-3.209235555,-3.168698506,-3.195861952,-3.191493869,-0.193054834,-0.351936873,-0.272533602,-0.636505361,0.548732235,-0.534929247,-0.296715134,0.608877465,0.624968376,0.333727824,0.531938343,2.40546852
Fstl5,-3.174955039,-3.199466481,-3.194775671,-3.203584922,-3.184752226,-3.199686225,-3.209235555,-3.168698506,-3.195861952,-3.191493869,-0.193054834,0.034595181,0.050318923,0.052053565,0.164671072,0.140513565,-0.128132008,0.198822097,0.366675367,0.252565114,0.118545883,0.292116744
Hmces,-3.174955039,-3.199466481,-3.194775671,-3.203584922,-3.184752226,-3.199686225,-3.209235555,-3.168698506,-3.195861952,-3.191493869,-0.193054834,0.867174629,0.951452507,0.860104673,0.982907628,-0.883619445,-0.30386261,-0.238579588,-0.253822851,-0.112997758,-0.154650412,-3.018964613
Idh2,-3.174955039,-3.199466481,-3.194775671,-3.203584922,-3.184752226,-3.199686225,-3.209235555,-3.168698506,-3.195861952,-3.191493869,-0.193054834,0.44041964,0.440058268,0.366636913,0.385112813,0.350432894,-0.282836646,0.145960793,-0.082447875,-0.180259873,-0.336282187,-2.141194768
Man1a1,-0.162141334,-0.146370252,-0.07520917,-0.261827182,-0.090846991,-0.124301845,-0.256455657,0.023170262,-0.263479301,-0.109360423,0.00249277,-0.408442489,-0.463107752,-0.235397316,-0.298977717,-0.101670763,-0.045609508,-0.380302179,-0.220554195,0.018801103,-0.114848183,0.5955609
Mug2,1.265602802,1.277093099,1.283862335,1.296468451,1.287300196,1.253520808,1.221241428,1.223016681,1.247978195,1.247512867,-0.245534755,-0.015051238,-0.084778677,-0.08769889,0.022048989,0.172217739,0.396073335,0.163116629,0.545596084,0.218574308,0.362303972,1.329544216
Mup2,0.419076468,0.367538625,0.394524507,0.353426175,0.386580601,0.257518229,0.254534959,0.357963207,0.285747532,0.264130786,-0.713493344,0.272360796,0.354927251,0.295879698,0.478764145,0.442405766,0.437816233,0.400927653,0.412065347,0.512384868,0.684004228,0.487995434
Piga,0.076577053,-0.004673973,-0.037140279,0.024650881,-0.028575663,-0.049695937,-0.102860401,-0.119453426,-0.075701671,-0.08545339,-0.682376691,0.401889598,0.452544101,0.41496433,0.497992304,0.954103434,0.07660496,0.02097105,-0.106902335,-0.134856431,-0.081979393,-2.319713547
Pros1,-3.174955039,-3.199466481,-3.194775671,-3.203584922,-3.184752226,-3.199686225,-3.209235555,-3.168698506,-3.195861952,-3.191493869,-0.193054834,-0.273894644,-0.402108998,-0.301139491,-0.520530198,-0.241575395,0.180987557,-0.316091724,0.038799069,-0.18691583,-0.307333031,0.899872333
Psmb10,0.167739572,-0.008050554,-0.003921875,0.13117945,0.061085162,-0.230530705,-0.220114076,-0.194224431,-0.193034042,-0.282533537,-2.152583051,-0.383178105,-0.571934198,-0.501276204,-0.38319019,-0.286183388,-0.144932981,-0.490154065,-0.163277566,-0.26321527,-0.323444002,0.573118757
Sh3d21,-3.174955039,-3.199466481,-3.194775671,-3.203584922,-3.184752226,-3.199686225,-3.209235555,-3.168698506,-3.195861952,-3.191493869,-0.193054834,0.582110251,0.625752615,0.469845466,0.520114933,0.816857573,0.719895863,0.773356536,0.789346392,0.887581012,0.768965358,0.749126541
Vps4a,-3.174955039,-3.199466481,-3.194775671,-3.203584922,-3.184752226,-3.199686225,-3.209235555,-3.168698506,-3.195861952,-3.191493869,-0.193054834,0.69642736,0.576507969,0.585786851,0.581073423,0.487189396,-0.395168259,-0.239293455,-0.308992208,-0.225119452,-0.163205187,-3.354131841
