name,2_1_1,2_1_2,2_1_3,2_1_4,2_1_5,2_5_1,2_5_2,2_5_3,2_5_4,2_5_5,FC_5
A2m,2.793818204,2.803622086,2.799961444,2.685080445,2.663941802,2.789322341,2.734117909,2.825336509,2.798358229,2.774941181,0.640911816
Abcb9,0.758689669,2.069787485,1.997857373,1.990558038,2.187331152,0.789316891,0.883846735,0.955591937,0.903701485,0.675889208,-1.272063116
Actb,0.018695029,-0.119639662,0.144408713,0.179749656,0.512934966,-1.265668118,-1.020797424,-1.257049609,0.128509891,-1.219121215,-1.821512495
Actbl2,0.018695029,-0.119639662,0.144408713,0.179749656,0.512934966,-1.265668118,-1.020797424,-1.257049609,0.128509891,-1.219121215,-1.821512495
Actg1,0.018695029,-0.119639662,0.144408713,0.179749656,0.512934966,-1.265668118,-1.020797424,-1.257049609,0.128509891,-1.219121215,-1.821512495
Adipoq,0.755678935,1.056505414,0.555761415,-0.183146703,0.223415192,-0.027327533,0.130716943,0.290414338,0.374134124,0.260934034,-0.357730334
Afm,-0.166580458,-0.284365459,-0.114041396,-0.155792693,0.052059706,0.295405871,0.3572157,0.466176417,0.606190814,0.335128444,0.900711593
Agt,-1.890724377,-1.391925729,-1.111117604,-1.497075664,-1.314711598,-0.980444341,-1.265468357,-1.264181567,-1.142411856,-1.162778508,0.17442947
Ahsg,0.942873408,0.93123405,0.956640889,1.053728287,0.996697634,1.038581837,1.009044501,1.003596466,0.942673582,0.905418356,0.210917119
Aifm2,0.389816511,0.512552156,0.511232537,0.481785597,0.667802466,0.089804579,0.434298549,0.375222869,-0.665830943,0.417337197,-0.547551029
Alb,2.738206514,2.740877522,2.777925275,2.645033514,2.620034177,2.763662681,2.699418951,2.803851741,2.789134024,2.846336455,0.700655311
Aldh1a1,-1.250861898,-1.276026039,-0.974422154,-1.153432782,-0.449658027,-0.442226108,-0.645932555,-0.182553688,-0.91818905,-1.230910815,0.353073789
Aldh1a7,-1.250861898,-1.276026039,-0.974422154,-1.153432782,-0.449658027,-0.442226108,-0.645932555,-0.182553688,-0.91818905,-1.230910815,0.353073789
Aldoa,-1.254575395,-1.445416683,-1.061849414,-0.265088538,-0.660603253,-0.098293262,-0.864894208,-1.310187141,-0.344433051,-0.47285034,0.33033103
Aldob,-1.212248792,-1.364705372,-1.780398656,-1.365466419,-1.368333869,-1.404746021,-1.136122827,-0.814683586,-1.107776293,-1.04899467,0.233286794
Ambp,0.001120749,0.695674979,0.578240536,0.263664665,0.872467348,-0.41472739,0.032771014,-0.075107059,0.268589892,-0.278659995,-0.888930119
Amy1,-1.632823057,-1.685346753,-1.787956011,-1.463181131,-1.040250835,-0.623662672,-0.757011641,-1.219611958,-1.003574753,-1.360178744,0.578199032
Amy2a2,-1.632823057,-1.685346753,-1.787956011,-1.463181131,-1.040250835,-0.623662672,-0.757011641,-1.219611958,-1.003574753,-1.360178744,0.578199032
Angptl6,-0.3605225,-0.178674386,-0.420805856,-1.559425978,-0.220486231,-0.553890207,-0.941970629,-1.430331801,-1.065066431,-0.437691531,-0.690026936
Apcs,-0.543801204,-0.456495193,-0.837196793,-0.540366428,-0.151864491,-1.126181287,-0.4580877,-0.174751613,0.043632234,-0.039337333,0.137741818
Apeh,-1.099892173,-1.31890958,-1.386201503,-0.94562344,-1.689686433,-1.039531054,-0.899696003,-1.002817756,-1.095338245,-0.885631742,0.255557236
Apoa1,1.787888436,1.698032176,1.887013457,1.801045635,1.670502012,1.586842265,1.544847321,1.652196651,1.735256669,1.59860026,0.124760791
Apoa2,0.343911259,0.469120272,0.18238571,-0.367297981,0.00036417,-1.018952825,-1.198744206,-1.120865451,-1.379948183,0.097204195,-1.773562312
Apoa4,-0.033099436,0.144241698,0.022735578,0.529064163,0.60789747,0.89001815,0.988432086,0.920066627,0.743750999,0.887100515,1.121982913
Apob,-0.312760499,-0.04413367,-0.120041626,-0.150158629,-0.091142598,-0.102898728,0.199647808,0.065407785,-0.025278272,-0.372635274,0.140808033
Apoc1,-0.068017198,0.364759389,-0.074325202,0.415140873,0.396690266,0.285908914,0.408638545,0.558292414,0.351027116,0.603910108,0.432543061
Apoc2,-1.063644087,-1.031950604,-1.07570864,-0.891594013,-0.696334762,-0.390158205,-0.262919986,-0.324477146,-0.305839721,-0.483640744,0.818222262
Apoc3,-0.135080565,-0.337478608,-0.187242568,-0.125867046,0.017700013,1.225759033,1.33440401,1.255544451,1.025088124,1.113855911,2.268767237
Apoc4,-1.137779176,-1.539852302,-0.852515314,-0.686336277,-0.193733446,-0.976225458,-0.742383061,-1.106754249,-0.812102752,-1.614184755,-0.485932881
Apoe,0.914438706,0.974923051,1.202835095,0.941337463,0.180338753,-0.17133268,0.064819774,-0.397075419,-0.662796277,0.431771324,-1.495601404
Apoh,0.73088512,0.82709093,0.605407337,0.60334367,0.576579111,0.52853046,-0.597050644,0.254809251,-1.085122897,-0.953597901,-1.634611089
Apom,-1.107884489,-1.653280516,-1.452008369,-1.083840816,-1.592416134,0.173239254,-0.463475937,-0.339504631,-0.32285018,-1.656827157,1.188537312
Azgp1,-0.704122095,-0.778222765,-0.685661102,-0.483545009,-0.280374555,-0.164101586,-0.238607577,-0.118461797,-0.197845983,0.222103811,0.695030584
B2m,-0.114801553,0.532323974,-0.243073509,0.548024668,0.777297642,-0.333904937,-1.490128901,-0.986133214,-0.562223636,-0.834889615,-1.924417617
B4galt3,-1.107373624,-1.29308238,-1.636156722,-1.230955006,-1.120140039,-0.554026517,-0.808143114,-0.684473498,-1.040401264,-1.093808537,0.481335568
C1qa,0.192485126,-0.245238983,-0.356243602,-0.020835563,0.119621624,0.721723139,0.786050776,0.829655553,0.713048253,0.620813382,1.342885764
C1qb,1.234367352,1.377671525,1.13355527,1.410970549,0.241665578,0.484571841,0.464592651,0.704022318,0.504608885,0.436995762,-0.714432037
C1qc,0.641727484,0.798621715,0.585751693,0.542002479,-1.441654554,-1.130304084,-0.716566659,-0.546121717,-0.750223236,-1.076861418,-1.735306167
C1ra,0.167644633,-0.023464564,-0.029695777,0.046139693,0.147931992,-0.31072119,0.11654256,-0.286845754,-0.69020353,0.188163422,-0.429694841
C1rb,0.167644633,-0.023464564,-0.029695777,0.046139693,0.147931992,-0.31072119,0.11654256,-0.286845754,-0.69020353,0.188163422,-0.429694841
C1s1,-1.59107993,-1.330010239,-1.386880877,-1.000869825,-0.859037806,-1.151664415,-0.783991388,-1.144891648,-0.637697911,-0.876525897,0.266632072
C1s2,-0.931153676,-0.704529714,-0.223200466,-0.555130181,-0.251390188,-0.380708174,-0.235706713,-0.35494467,-0.35444881,-0.297607815,0.242793906
C2,-1.477265918,-0.513779944,-0.375505209,-0.541783709,-0.557914759,-1.163771359,-1.455944128,-1.526869656,-1.112804584,-1.352201322,-1.225084491
C3,2.054531514,2.052668175,2.045584744,1.95076151,2.02052695,2.243231689,2.184050723,2.247057566,2.307642758,2.255215709,0.806994347
C4b,1.222744522,1.259961517,1.307869007,1.359565344,1.319245773,1.479325542,1.582481422,1.542470713,1.566701159,1.512553944,0.687478126
C4bp,1.358642429,1.552773854,1.409215277,1.564149496,1.482837163,1.098687518,0.762657474,1.105103215,1.251948686,1.212674871,-0.362779665
C8a,1.65955237,1.152158406,1.157485533,1.08143286,1.024615034,0.703862157,1.003253486,0.956471751,0.829107217,0.855103137,-0.329332077
C8b,1.125319687,1.101629552,1.190342769,1.112307534,1.195139332,1.153718471,0.898228935,1.102420468,1.128625122,1.131031483,0.13006782
C8g,0.491460522,0.760384656,0.564025318,1.04385991,1.222089792,0.491575008,0.253982229,0.760261989,0.775753344,0.213152575,-0.392630258
C9,0.905289812,0.862717458,0.878578119,0.847401331,1.119825228,0.396198748,0.557883058,0.26164034,0.366155084,0.533897095,-0.66504644
Cat,0.152756933,0.428973197,0.130554922,-0.335724683,-1.293300796,0.050936329,0.304183883,0.3321029,0.404793776,-0.177348812,0.629824673
Cd5l,1.313325839,1.595442256,1.296292477,1.613841945,1.325580894,0.654292512,0.811149461,0.704423476,0.674189559,0.899053956,-0.865652734
Cdk1,-0.76974363,-1.95205903,-1.098780175,-0.89548277,-0.459008284,-1.528054507,-1.409504599,-0.86794648,-0.887461356,-0.939329923,-0.404101255
Ces1c,0.878532926,0.826057212,0.810458664,0.937481259,0.999572254,1.28124584,1.260509112,1.280461857,1.320573416,1.270822132,0.854246055
Cfb,0.631235299,0.774179802,0.654178225,0.982138107,0.852957082,0.621164893,0.644516905,0.71130471,0.776835209,0.82573644,0.04741387
Cfd,-0.486607647,-0.302972377,-0.44291268,-0.142939514,0.043104799,0.050444722,-0.008138878,0.097163119,0.207538219,0.522294411,0.680273367
Cfh,1.193700413,1.006144474,1.162504747,1.004576708,0.941210551,1.323097252,1.335558785,1.321256931,1.31487151,1.300297288,0.669552385
Cfi,0.515616404,0.442251484,0.380578079,0.51089493,0.597982769,0.644529641,0.544923439,0.728545404,0.767025844,0.763220865,0.437537775
Cfp,1.550087196,1.025039993,1.545272115,0.12807652,-0.17671674,0.394694877,0.179795959,0.244568315,0.379822422,0.239293228,-0.68848306
Clec11a,-1.444775414,-1.38874062,-0.774952563,-1.750818907,-1.3665024,-0.611578074,-1.089010571,-0.756538412,-0.502603109,-1.059332781,0.653878228
Clu,0.722215972,0.581068748,0.794235217,0.723689793,0.732034873,0.434709466,0.54480132,0.208796839,0.12194839,0.416965671,-0.472107991
Colec10,-1.358931918,-0.992291527,-1.776605033,-0.688071569,-1.67955024,-1.106251085,-0.889958613,-1.165334771,-0.256772483,-0.947623488,0.454178875
Colec11,-0.33852418,-0.648304918,-0.234722646,-0.504526266,-0.462161555,-0.189665159,0.061869634,-0.129391084,-0.216813779,-0.247622585,0.418383548
Cp,1.493863505,1.364959946,1.471394288,1.277187808,1.309669262,1.376785225,1.484029877,1.432772126,1.459909493,1.388734292,0.37321342
Cpb2,-0.268276333,-0.30743258,-0.463337375,-0.139544051,-0.235130839,-0.449287374,-0.615402785,-0.886579832,-1.289046554,-1.020165647,-1.032421432
Cpn1,0.196766539,0.078870862,0.411717858,0.428847926,0.674047085,0.503069678,0.66352249,0.562208267,0.536484219,0.601494036,0.436130055
Cpn2,0.822374065,0.709223502,0.54814971,0.79776397,1.120418252,0.979452668,0.990760918,0.968691127,0.800443459,0.843352766,0.35843005
Crp,-0.197439824,-0.172611134,-0.319916124,-0.181343802,-0.191251793,-0.24512962,-0.295924274,-0.419914096,-0.296688093,-0.226357921,-0.191218564
Dnah8,0.420551403,0.324418164,0.595453151,0.641645293,0.966255712,1.366823476,0.809587622,0.993480892,1.322097553,1.173027753,1.038303558
Ecm1,0.194175908,0.293157387,-0.018168162,0.140581639,0.473476214,-1.144234443,-1.414779286,-1.297297648,-1.058663694,-1.230250838,-2.44339639
Ect2,-0.561717789,-0.803352074,0.234107799,0.330224252,0.534984043,-0.859739139,-0.91310982,-0.760183027,-0.793919704,-0.828959047,-1.364318796
Efemp1,0.118573054,0.313194194,-0.272569203,-0.848687481,0.022941968,-0.361300864,-0.586912617,-0.888211817,-1.11922093,-1.052359171,-1.161811695
Egfr,0.308435954,0.255067252,0.33792699,0.765061355,0.582466486,0.63926274,0.704350969,0.21760181,0.476945342,0.443147861,0.170790167
Eif2ak4,-1.331454116,-1.192079768,-2.051131845,0.566521928,-1.583520767,0.858566464,0.529482874,0.493651209,-1.014325364,0.562063833,2.158131962
F10,-0.918841048,-1.172851045,-1.205414692,-1.035285196,-0.793240672,-0.006266635,-0.013105054,0.09630382,-0.194028836,-0.067277925,1.469315199
F12,-0.016959209,-0.341453436,-0.18322611,0.534633122,0.329426052,0.508258368,0.298671385,0.493222699,0.302917,0.357710756,0.557011687
F13a1,0.450137496,0.779107015,0.231069639,0.371287819,0.552415151,1.109228022,1.130690102,1.06912888,1.260667114,1.090429012,1.219859473
F13b,0.770097261,0.957932301,0.830092567,0.908862715,0.883113209,1.352732226,1.573028977,1.523538772,1.498772723,1.50660953,1.246490772
F2,0.837082832,0.954148999,0.870077793,0.898035295,0.778047854,0.829429801,0.906875822,0.888954058,0.88243841,0.991053917,0.239277682
F5,-0.344141103,-0.485226773,-0.547128625,-0.384798638,-0.268116335,-0.474962676,-0.311883309,-0.724525517,-0.038503337,-0.10832115,0.03486439
Fbln1,-0.001163881,0.064826469,0.006003959,-0.518110621,-0.500831988,-0.994106552,-1.341364294,-1.00422409,-0.633363646,-0.974627189,-1.40189185
Fcna,0.669529439,0.914392847,0.699041356,0.817660982,0.625654861,-0.198279457,-0.294443848,-0.515453614,-0.260256225,-0.359177268,-1.673793406
Fetub,0.064079043,0.119088776,0.141664043,0.201326871,0.360677725,0.369929049,0.111494972,0.271341079,0.499843689,0.372006425,0.28012234
Fga,2.390896015,2.508361884,2.552791658,2.429376547,2.378494606,2.095233351,2.085511338,2.079416665,2.146136383,2.126000856,-0.073377761
Fgb,2.18975259,2.165256821,2.209427971,2.236458664,2.248417433,2.340214611,2.361301212,2.391725312,2.436620599,2.434097342,0.775346026
Fgg,2.651704339,2.651760039,2.66483399,2.398777316,2.136019057,2.258433524,2.273154803,2.308936249,2.268167152,2.34034821,0.177071831
Fn1,1.95210435,1.846360167,1.944542833,1.757485551,1.83140693,2.082583404,2.070203604,2.085942326,2.144496574,2.096308785,0.788068586
Fstl5,-0.507840966,-0.499830002,-0.517654671,-0.226569064,-0.255467529,0.245977004,0.256675276,0.298280233,-0.152967854,0.087574522,0.850658291
Gapdh,-2.006716697,-1.437960273,-1.081896377,-1.700310144,-1.599722957,-1.121640624,-0.765279317,-1.339535524,-1.019414893,-0.851372903,0.619632932
Gc,0.797313148,0.909636172,0.912473438,1.032561732,0.960549341,1.098390319,1.138167218,1.184254501,1.224983706,1.180089052,0.606341129
Gpld1,0.375657508,0.417822689,0.323923737,0.727919097,0.254785947,0.504913205,0.393560052,0.506873481,0.616428843,0.607316147,0.266163601
Gpx3,0.447699866,0.242347802,0.347424636,0.465932591,0.53411475,-1.176814591,-0.623404798,-1.528100483,-0.406800201,-0.429241048,-2.043586138
Grn,0.046587747,-0.570330072,-0.687191052,-1.120517324,-1.520969787,-1.476829039,-0.966722239,-1.124683294,-1.326723588,-1.09124247,-0.865399652
Gsn,1.183332703,1.046858257,0.933251407,0.735070603,0.706210921,1.190193489,1.235097631,1.220044212,1.116779038,1.20720121,0.670081626
H2-Q10,1.079227723,0.664910072,1.096553853,0.894437006,0.665828099,0.271254551,0.177760641,0.087767807,0.067204195,-0.101195238,-1.139438943
Hba-a2,1.020125553,1.003051191,1.073995925,1.305503364,1.465387002,1.528825915,1.282109192,1.595537586,1.545016225,1.581717755,0.80131808
Hbb-bs,1.256884317,1.252486741,1.28866175,1.402211456,1.432477718,1.736735525,1.876160671,1.829745709,1.86466771,1.86077061,1.143454878
Hgfac,0.015883974,-0.117341346,0.082025891,-1.84218841,-1.446410657,-0.747442654,-0.641696951,-0.566311837,-0.886674339,-0.489596696,-0.103189123
Hmces,1.266199178,1.432350992,1.281941384,1.463099418,-2.269114185,-0.783220483,-2.282401071,-1.191250515,-1.206173863,-1.261814384,-3.19588211
Hp,0.330003798,0.459522964,0.261432214,0.605291804,0.927125625,0.465329889,-0.315073403,-0.712798471,-0.920799589,-0.490374362,-1.461299953
Hpx,1.494312133,1.41812032,1.511031674,1.562494333,1.596950309,1.424958258,1.397760245,1.33412591,1.365989075,1.373162512,0.081107616
Hrg,0.680350963,0.848274271,0.901005608,1.08298035,1.058536508,0.787938156,0.666716868,0.718279396,0.938516225,0.767806095,-0.052868123
Hspa1a,-0.574069315,-0.512803946,-0.569833299,-0.887572543,-1.312017981,-1.437127291,-1.063659079,-0.927144695,-1.012347614,-0.987593673,-0.683722196
Hspa1b,-0.574069315,-0.512803946,-0.569833299,-0.887572543,-1.312017981,-1.437127291,-1.063659079,-0.927144695,-1.012347614,-0.987593673,-0.683722196
Hspa1l,-0.574069315,-0.512803946,-0.569833299,-0.887572543,-1.312017981,-1.437127291,-1.063659079,-0.927144695,-1.012347614,-0.987593673,-0.683722196
Hspa2,-0.574069315,-0.512803946,-0.569833299,-0.887572543,-1.312017981,-1.437127291,-1.063659079,-0.927144695,-1.012347614,-0.987593673,-0.683722196
Hspa5,-0.574069315,-0.512803946,-0.569833299,-0.887572543,-1.312017981,-1.437127291,-1.063659079,-0.927144695,-1.012347614,-0.987593673,-0.683722196
Hspa8,-0.574069315,-0.512803946,-0.569833299,-0.887572543,-1.312017981,-1.437127291,-1.063659079,-0.927144695,-1.012347614,-0.987593673,-0.683722196
Ica,1.184875671,1.196728954,1.10130947,1.131255519,0.78704563,0.53136167,0.220215232,0.610914822,0.686362244,0.635182895,-0.703144889
Idh2,0.356879972,0.335836284,0.182948232,0.228645824,0.157275104,-1.534617462,-0.876244855,-0.573929288,-0.70869957,-1.215435955,-2.059289527
Igfals,0.120372751,-0.059652553,-0.126520135,-0.034587688,0.193440068,0.154770467,0.510365881,0.467338865,-0.079054005,0.042033757,0.347192134
Il1rap,-0.348225431,-0.733720432,-0.445266031,-0.384758573,-0.171424771,-0.196091805,-0.025882566,0.007875745,-0.287956057,0.020434488,0.453039622
Itih1,1.132292867,1.246405123,1.209283712,1.187626213,0.983198588,0.91141647,1.009338015,0.950219606,0.945862476,0.753819645,-0.157107886
Itih2,0.730794357,0.32256062,0.274897404,0.383029209,0.645338986,1.159190953,1.111001078,1.098602626,0.97171157,1.015346171,1.121482134
Itih3,0.300791129,-0.241802003,-0.00623564,-0.097776853,0.120755277,0.729074901,0.86972377,0.778558003,0.767921728,0.711281086,1.298041027
Itih4,0.380711702,0.292645775,0.340799383,0.539939159,0.682935307,0.9346896,0.959894785,0.842955322,0.877494037,0.882326061,0.860983881
Klkb1,0.416856059,0.30961816,0.399790771,0.471797026,0.407359943,1.018088522,1.053733657,1.0277617,0.897312356,1.001461257,1.109738054
Kng1,1.230783517,1.013766174,1.114277358,1.046301338,1.309895516,0.974608102,0.868774669,0.974799675,1.162185625,1.196708489,0.047260021
Krt10,-0.604472274,-0.474055275,-0.581529399,-0.437613611,-0.524400542,-0.596342721,-0.386472358,-0.395673644,-0.256445882,-0.417045308,0.083139964
Lap3,-0.331667695,-0.253723863,0.194823687,-0.331317593,-0.579432734,-1.150967227,-1.253344289,-0.790636876,-1.194352728,-1.008279126,-1.447696606
Lcat,-1.542467351,-1.151460436,-1.524899746,-1.470535463,-1.103725885,-1.462525505,0.054407515,0.041846568,-0.378771499,-0.297522433,1.33760489
Lifr,0.539458506,-0.223756546,0.457662551,-0.510335612,-0.322088705,0.335505374,0.368825583,0.346685919,0.170310261,0.245219182,0.541273682
Loxl1,-0.151550131,0.020536652,-0.15681749,-0.337352302,-0.683073878,-0.360091957,-0.266302898,-0.712937509,-0.409170325,-0.256504592,-0.276881035
Lrp1,-1.24282809,-1.347696256,-0.796013152,-1.575426721,-1.266686145,-1.066019742,-1.327879777,-1.074944212,-0.722521135,-1.257358381,0.011513926
Man1a,-1.451854916,-1.600702592,-1.157831349,-1.184009476,-0.731649487,-0.90234137,-0.580191783,-1.002227415,-1.213663002,-1.030579909,0.215427208
Masp1,-0.495090083,-0.317331608,-0.862580917,-0.260719008,0.172053082,-0.556091267,-1.035927336,-0.857283873,-1.304371845,-0.947916555,-1.102498209
Masp2,0.226129615,-0.032600109,-0.083757629,0.26021161,0.13314925,-0.068747671,0.098325393,0.037183101,0.048157016,0.20192834,-0.04892189
Mbl1,0.494183407,0.59801752,0.962179145,0.889103424,0.44665198,0.737946176,0.859114407,0.681876551,0.525025973,0.566519836,0.147852789
Mbl2,0.454753435,0.577560929,0.614005492,0.763861925,0.737786495,1.075617734,1.08596024,1.096551248,1.07474279,1.098655657,0.910018701
Mfap4,-1.691126514,-1.67390502,-1.668690576,-1.637005795,-1.471805917,-0.654455158,-0.505101403,-1.541956403,-1.070321529,-1.359147241,0.699932989
Mmrn1,-0.40054632,-0.437213997,-0.422102101,-1.662018538,-1.156383598,-0.987641917,-1.16076303,-1.15982796,-0.893145117,-1.282933669,-0.628215708
Mug1,1.879509636,1.791032659,1.789996156,1.844079872,1.80395871,2.23674024,2.183285872,2.228428773,2.274370299,2.18612805,1.06758414
Mug2,-0.613626355,-0.789501832,-0.828894845,-0.521085407,-0.193130895,0.276125931,0.471666988,0.325700321,0.362365154,0.398537065,1.500682745
Mup10,-1.296375574,-0.878102455,-1.009994168,-1.365766903,-1.360507851,-0.753538583,-1.428188818,-1.019032761,-0.993989926,-1.132394153,-0.043809481
Mup12,-1.296375574,-0.878102455,-1.009994168,-1.365766903,-1.360507851,-0.753538583,-1.428188818,-1.019032761,-0.993989926,-1.132394153,-0.043809481
Mup17,-1.296375574,-0.878102455,-1.009994168,-1.365766903,-1.360507851,-0.753538583,-1.428188818,-1.019032761,-0.993989926,-1.132394153,-0.043809481
Mup18,-0.001215746,0.153301158,0.025366113,0.422036968,0.338111835,-0.365857168,0.163875487,0.179165821,-0.244130309,0.277652698,-0.287508939
Mup19,-0.001215746,0.153301158,0.025366113,0.422036968,0.338111835,-0.365857168,0.163875487,0.179165821,-0.244130309,0.277652698,-0.287508939
Orm1,-0.753217013,-1.061031128,-1.429175974,-1.098351662,-0.603060829,0.457202729,0.390740601,0.350594935,0.342578587,-0.076446076,1.977999921
Pf4,-1.389376368,-1.51766148,-1.456856381,-1.168411881,-1.453977078,-1.726328617,-0.629797839,-0.885768398,-1.288733562,-0.755643838,0.2897333
Piga,0.274781092,0.362607997,0.290577352,0.461743351,1.344209959,-0.595777373,-1.057857351,-0.559476189,-1.769573894,-0.422902032,-2.360987829
Pigr,-1.338580295,-1.551278293,-1.451956737,-1.192270267,-1.358369153,-1.285167046,-0.897645688,-0.401850571,-1.050764036,-1.236832153,0.3989047
Pkm,0.653220653,-0.350725411,-0.186693634,0.142805216,-0.142395153,-0.754564254,-1.046918053,-1.2488327,-0.963507183,-0.207525482,-1.489057428
Plg,1.923293631,1.947239468,1.833870118,1.729818538,1.769496606,1.578000039,1.532528291,1.511248737,1.55054349,1.582947713,-0.106423802
Pltp,-0.318470778,-0.215869857,-0.496988119,-0.91281816,-0.672911487,-1.181652452,-1.295181858,-1.067082875,-0.442851035,-0.858369589,-0.87207363
Pon1,-0.315944978,-0.284021761,-0.24263871,0.042674117,0.258727535,-1.202559165,-0.739754287,-0.545264697,-1.408915861,-0.830788985,-1.46940473
Prdx2,-1.246507875,-0.270835302,-0.653567482,-1.161448177,-0.320664493,0.599198991,0.413133384,0.214041529,0.164547117,0.311844617,1.681155562
Pros1,-1.165163622,-1.46991107,-1.304244561,-1.641518055,-1.006729473,-0.707218015,-1.759296493,-0.832079273,-1.279933484,-0.876320519,0.093059392
Proz,-0.965091199,-1.030462995,-1.069173064,-1.469571412,-1.080576497,-0.182586015,-1.347052473,-1.247127776,-0.195122041,-0.310638912,0.554397789
Psma1,0.635633407,0.153946576,0.135250754,-0.195666846,0.101942827,-1.419257371,-1.092042124,-0.902701385,-1.213440732,-1.255440754,-2.260178134
Psma3,0.139469253,-0.582653351,-0.018094789,-0.710998456,-0.451060804,-0.632531713,-0.296631279,-0.08727857,0.084493626,-0.437723838,0.027725786
Psma4,-0.739662231,-0.814114282,-0.927721997,-0.880067969,-0.75433684,-0.330803343,-0.439088542,-0.394363041,-0.353444059,-0.468470489,0.554055475
Psma5,-0.439133494,-0.21406741,-0.389769342,-0.22132062,-1.24959799,0.145715957,-0.159459416,-1.176332437,0.311630891,-0.273883234,0.385262121
Psma6,-0.217848498,0.336140627,0.069878687,0.204845031,-0.23761011,-0.229514389,-0.341973879,0.085736943,0.04392935,0.05484563,-0.179575256
Psma7,1.179191324,0.707767377,1.161722109,0.277627129,0.019905397,1.141180254,1.269333822,0.379359815,0.861517813,0.908907469,0.593940883
Psmb1,-1.029722123,-0.573347269,-0.770031179,-0.521268201,-0.278107249,0.025135891,0.099831528,0.043161729,-1.313927187,-0.11994691,0.514935467
Psmb10,-1.398022177,-1.834044679,-1.749965426,-1.357909261,-1.09443755,-1.122979137,-1.377839335,-1.004390479,-1.359746561,-1.226729419,0.128077011
Psmb2,-1.243313023,-1.22133083,-1.236269133,-1.214786493,-1.122836038,-1.140299351,-0.866567453,-1.174360835,-1.115798425,-1.352471313,-0.116600158
Psmb3,-1.423329451,-1.226066516,-1.201428126,-1.17564602,-0.785014542,-0.381119337,-0.315574734,-0.52684788,-0.743602765,-0.393071504,0.930949887
Psmb4,-1.281718671,-1.418175337,-1.524992141,-1.13639537,-1.238704441,-1.395631177,-0.459266042,-0.486178169,-0.253191214,-0.368846171,0.95863736
Psmb5,-1.063117662,-1.421342081,-0.505116148,-1.059852221,-1.206993114,-0.452529747,-0.86759154,-1.074932815,-0.790821533,-0.826686047,0.21664954
Psmb6,-0.130150846,0.016100062,-0.022657464,-0.077882345,-1.193346406,-0.486300925,-0.141098705,-0.335452019,-0.537925896,-0.554253737,-0.248819708
Qsox1,-0.117584083,-0.056013552,-0.066373811,-0.074228967,-0.177795616,0.111678864,0.170487057,0.061382526,-0.015532413,0.013363959,0.269882906
Rbp4,0.039477126,-0.069984483,-0.037473248,0.092000978,0.153364477,0.382027054,0.39107268,0.412790441,0.177946823,0.285994723,0.508547648
Reln,-1.690304462,-0.296192868,-0.536573874,-0.908711553,-1.348747391,-1.073391615,-0.887265566,-1.228922935,-1.024295761,-0.699081908,-0.228347763
Saa1,-1.44827886,-1.538291231,-1.559365739,-1.143146232,-1.25868865,-0.889783041,-1.020332515,-0.940692908,-0.954648135,-1.138465485,0.386349066
Saa2,-1.44827886,-1.538291231,-1.559365739,-1.143146232,-1.25868865,-0.889783041,-1.020332515,-0.940692908,-0.954648135,-1.138465485,0.386349066
Saa4,-1.165635589,-1.374310551,-1.366173562,-0.989969788,-0.78033465,-0.253191978,0.008015119,-0.080426967,-0.374214964,-0.689890681,1.22328108
Sepp1,0.404115549,-0.825779025,-0.411990301,-0.710224711,-0.886064479,-1.37482949,-1.343056822,-0.798040072,-0.975292029,-1.496796424,-1.311343128
Serpina10,-0.719486948,-0.684975659,-0.791817339,-0.570279555,-0.081106434,-0.491610283,-1.254102713,-1.158670071,-1.065794478,-0.354608192,-0.650463073
Serpina1a,0.925343213,0.84285906,0.877534601,0.967857631,1.02126647,1.200839018,1.330256246,1.39234858,1.24379047,1.351173256,0.835974923
Serpina1b,1.362884944,1.198169337,1.282134326,1.345853282,1.154654101,1.719232076,1.660057032,1.687646745,1.77149802,1.781330993,1.047176811
Serpina1c,-0.577606473,-0.522217599,-0.620840686,-0.474593107,-0.237764915,0.865697003,1.078026784,0.916572446,0.934435983,0.867185805,2.32320755
Serpina1d,0.361812285,0.444292683,0.288218566,0.490504625,0.59099032,0.934517538,0.874722083,0.852179686,1.018224971,0.981738079,0.935238433
Serpina1e,0.358557788,0.356652314,0.316885424,0.574672541,0.64956875,1.079588579,1.138259343,1.071861772,1.078791279,0.995059935,1.152695062
Serpina3k,1.139514996,1.061763207,0.987332281,1.092172639,1.248123327,1.764761603,1.815572467,1.857193149,1.754868595,1.794415165,1.4120756
Serpina3m,-0.152473319,-0.011243607,-0.259715451,-0.005500891,0.037200753,0.264115074,0.253759415,0.263666646,0.065863771,0.130969206,0.448734151
Serpina3n,-0.494607743,-0.458253038,-0.589812324,-0.294197871,-0.046051306,0.409972687,0.314833952,0.318372342,0.319281062,0.232451153,1.100687105
Serpina6,-1.030048869,-1.219877328,-1.337414309,-1.51087787,-1.020645303,-0.256642166,-0.274315624,-0.470268591,-1.231755326,-0.65445265,0.854122975
Serpinc1,0.315250946,0.32463855,0.300838614,0.384746973,0.476796199,0.897743087,0.997713136,0.88254692,1.041760643,0.924924618,1.080725939
Serpind1,-0.078185229,-0.223488933,-0.233434553,-0.209253706,-0.249465835,-0.570629431,-0.835105722,-0.891751584,-0.195518952,-0.244564997,-0.645423742
Serpinf1,-0.690100533,-0.69784728,-0.910675149,-0.559644945,-0.518665591,-1.249232796,-1.093053356,-1.030757526,-1.310765509,-0.650901232,-0.825369626
Serpinf2,0.236162799,0.25427491,0.215395126,0.581433419,0.319463717,0.085516424,0.096973513,0.209159249,0.176889906,-0.131145762,-0.336258369
Serping1,-0.833689942,-0.624545153,-0.821541303,-0.536465152,-0.253719416,0.084175677,0.110952934,0.094687789,0.009101001,0.101129447,1.047296044
Sh3d21,0.658790898,0.733995995,0.412802139,0.507426851,1.074357638,1.145457236,0.504062823,1.125359435,1.237562373,1.175213063,0.736226787
Spp2,0.050669481,0.203213455,0.197850976,-0.007994904,0.131853646,-1.071391668,-1.122299804,-1.08570255,-0.637409868,-1.168418317,-1.914631268
Tcn2,-0.835302928,-0.88930806,-1.121134292,-0.891321074,-0.300094404,-0.54468598,-0.797370926,-1.182630168,-0.744339885,-0.595504647,-0.127265755
Tfrc,-0.281670335,-0.332189331,-0.355523465,-0.133864914,-0.307606047,-0.353645199,-0.241000682,-0.228980935,-0.178708082,-0.330786691,-0.034363909
Thbs1,-0.430116854,-0.139505932,-0.569697424,-0.262248969,-1.586331084,0.192414169,0.255846152,0.203116801,0.300469762,0.185701198,1.313155173
Thbs4,-0.077472093,-0.160935896,0.45535268,-0.695603687,-0.798592182,-1.024181738,-0.946251224,-1.246004077,-1.313140169,-1.290629562,-1.575542223
Tns4,0.264504145,0.35215538,0.296438989,0.645997295,-0.550036346,-0.733936864,-0.998931682,-0.893002925,-1.431013582,-0.754155427,-1.93587246
Ttr,0.014667752,0.095722559,1.101002393,-0.318639695,-0.109533501,0.487141605,0.588258573,0.461093558,0.347239453,0.138279727,0.487580308
Vcp,-1.404183678,-0.647239717,-0.821008674,-1.388543548,-0.392091787,-0.711347515,-0.20455992,-0.086902484,0.20242374,-0.684144721,0.884852817
Vps4a,0.902375028,0.628407245,0.671013109,0.633306877,0.426165248,-0.978743828,-1.087198067,-1.510912214,-0.924256114,-0.985085296,-2.853134531
Vtn,0.836667916,0.554651227,0.492566061,0.380197153,0.447259294,0.315378529,0.147213731,0.434354984,0.228799025,0.455692052,-0.273977131
Vwf,0.734964262,1.041259391,0.958230624,0.762930427,0.664737315,0.482343966,0.40024018,0.283982127,0.665228449,0.655356058,-0.393960285
